"source_path","file_name","extension","cloud_only","length","last_write_time","top_folder","rule_excluded","rule_reason","absolute_path"
"01_IT/統合/※報告/20221202/調剤専門店レジ展開　進捗20221202.xlsx","調剤専門店レジ展開　進捗20221202.xlsx","xlsx","False","416242","2022-12-02 10:00:10","※報告","False","","C:\Users\takatoshi-saito\OneDrive\00personal\01_IT\統合\※報告\20221202\調剤専門店レジ展開　進捗20221202.xlsx"
"01_IT/統合/※報告/20230614_基幹分科会議事録 (1).xlsx","20230614_基幹分科会議事録 (1).xlsx","xlsx","False","643879","2023-06-19 19:48:20","※報告","False","","C:\Users\takatoshi-saito\OneDrive\00personal\01_IT\統合\※報告\20230614_基幹分科会議事録 (1).xlsx"
"01_IT/統合/※報告/凍結対象一覧_.xlsx","凍結対象一覧_.xlsx","xlsx","False","58517","2023-06-19 19:48:17","※報告","False","","C:\Users\takatoshi-saito\OneDrive\00personal\01_IT\統合\※報告\凍結対象一覧_.xlsx"
"01_IT/統合/★課題確認/店舗クラウド/チーム.txt","チーム.txt","txt","True","315","2023-02-07 08:28:42","★課題確認","False","","C:\Users\takatoshi-saito\OneDrive\00personal\01_IT\統合\★課題確認\店舗クラウド\チーム.txt"
"01_IT/統合/★課題確認/問題のリスト化（0622社内MT）.xlsx","問題のリスト化（0622社内MT）.xlsx","xlsx","False","35683","2023-06-28 10:19:28","★課題確認","False","","C:\Users\takatoshi-saito\OneDrive\00personal\01_IT\統合\★課題確認\問題のリスト化（0622社内MT）.xlsx"
"01_IT/統合/★概要・スケジュール/10_全体計画/【杏林堂様】ポップエース利用スケジュール_20221201_提出用.xlsx","【杏林堂様】ポップエース利用スケジュール_20221201_提出用.xlsx","xlsx","False","75012","2022-12-01 17:17:52","★概要・スケジュール","False","","C:\Users\takatoshi-saito\OneDrive\00personal\01_IT\統合\★概要・スケジュール\10_全体計画\【杏林堂様】ポップエース利用スケジュール_20221201_提出用.xlsx"
"01_IT/統合/★概要・スケジュール/10_全体計画/99_履歴/杏林堂システム統合に向けての全体計画_20220107_1.pptx","杏林堂システム統合に向けての全体計画_20220107_1.pptx","pptx","False","1100396","2022-01-07 16:08:39","★概要・スケジュール","False","","C:\Users\takatoshi-saito\OneDrive\00personal\01_IT\統合\★概要・スケジュール\10_全体計画\99_履歴\杏林堂システム統合に向けての全体計画_20220107_1.pptx"
"01_IT/統合/★概要・スケジュール/10_全体計画/99_履歴/杏林堂システム統合に向けての全体計画_20220113.pptx","杏林堂システム統合に向けての全体計画_20220113.pptx","pptx","False","1120050","2022-01-20 14:09:52","★概要・スケジュール","False","","C:\Users\takatoshi-saito\OneDrive\00personal\01_IT\統合\★概要・スケジュール\10_全体計画\99_履歴\杏林堂システム統合に向けての全体計画_20220113.pptx"
"01_IT/統合/★概要・スケジュール/10_全体計画/99_履歴/杏林堂システム統合に向けての全体計画_20220127_1.pptx","杏林堂システム統合に向けての全体計画_20220127_1.pptx","pptx","False","1133827","2022-01-27 15:25:41","★概要・スケジュール","False","","C:\Users\takatoshi-saito\OneDrive\00personal\01_IT\統合\★概要・スケジュール\10_全体計画\99_履歴\杏林堂システム統合に向けての全体計画_20220127_1.pptx"
"01_IT/統合/★概要・スケジュール/10_全体計画/99_履歴/杏林堂システム統合に向けての全体計画_20220127.pptx","杏林堂システム統合に向けての全体計画_20220127.pptx","pptx","False","1151066","2022-01-27 15:00:06","★概要・スケジュール","False","","C:\Users\takatoshi-saito\OneDrive\00personal\01_IT\統合\★概要・スケジュール\10_全体計画\99_履歴\杏林堂システム統合に向けての全体計画_20220127.pptx"
"01_IT/統合/★概要・スケジュール/10_全体計画/99_履歴/杏林堂システム統合に向けての全体計画_20220128_1.pptx","杏林堂システム統合に向けての全体計画_20220128_1.pptx","pptx","False","1163695","2022-01-28 13:57:30","★概要・スケジュール","False","","C:\Users\takatoshi-saito\OneDrive\00personal\01_IT\統合\★概要・スケジュール\10_全体計画\99_履歴\杏林堂システム統合に向けての全体計画_20220128_1.pptx"
"01_IT/統合/★概要・スケジュール/10_全体計画/99_履歴/杏林堂システム統合に向けての全体計画_20220131_1.pptx","杏林堂システム統合に向けての全体計画_20220131_1.pptx","pptx","False","1162979","2022-01-31 17:57:35","★概要・スケジュール","False","","C:\Users\takatoshi-saito\OneDrive\00personal\01_IT\統合\★概要・スケジュール\10_全体計画\99_履歴\杏林堂システム統合に向けての全体計画_20220131_1.pptx"
"01_IT/統合/★概要・スケジュール/10_全体計画/99_履歴/杏林堂システム統合に向けての全体計画_20220210.pptx","杏林堂システム統合に向けての全体計画_20220210.pptx","pptx","False","1163908","2022-02-10 14:59:21","★概要・スケジュール","False","","C:\Users\takatoshi-saito\OneDrive\00personal\01_IT\統合\★概要・スケジュール\10_全体計画\99_履歴\杏林堂システム統合に向けての全体計画_20220210.pptx"
"01_IT/統合/★概要・スケジュール/10_全体計画/99_履歴/杏林堂システム統合に向けての全体計画_20220217.pptx","杏林堂システム統合に向けての全体計画_20220217.pptx","pptx","False","1205571","2022-02-17 17:10:00","★概要・スケジュール","False","","C:\Users\takatoshi-saito\OneDrive\00personal\01_IT\統合\★概要・スケジュール\10_全体計画\99_履歴\杏林堂システム統合に向けての全体計画_20220217.pptx"
"01_IT/統合/★概要・スケジュール/10_全体計画/99_履歴/杏林堂システム統合に向けての全体計画_20220224.pptx","杏林堂システム統合に向けての全体計画_20220224.pptx","pptx","False","1224466","2022-02-24 13:21:48","★概要・スケジュール","False","","C:\Users\takatoshi-saito\OneDrive\00personal\01_IT\統合\★概要・スケジュール\10_全体計画\99_履歴\杏林堂システム統合に向けての全体計画_20220224.pptx"
"01_IT/統合/★概要・スケジュール/10_全体計画/99_履歴/杏林堂システム統合に向けての全体計画_20220310.pptx","杏林堂システム統合に向けての全体計画_20220310.pptx","pptx","False","1227713","2022-03-10 14:30:20","★概要・スケジュール","False","","C:\Users\takatoshi-saito\OneDrive\00personal\01_IT\統合\★概要・スケジュール\10_全体計画\99_履歴\杏林堂システム統合に向けての全体計画_20220310.pptx"
"01_IT/統合/★概要・スケジュール/10_全体計画/杏林堂PH2統合スケジュール_20221020.xlsx","杏林堂PH2統合スケジュール_20221020.xlsx","xlsx","False","264589","2022-10-24 05:48:28","★概要・スケジュール","False","","C:\Users\takatoshi-saito\OneDrive\00personal\01_IT\統合\★概要・スケジュール\10_全体計画\杏林堂PH2統合スケジュール_20221020.xlsx"
"01_IT/統合/★概要・スケジュール/10_全体計画/杏林堂システム統合PH2本稼働にむけた作業計画_20221201.pptx","杏林堂システム統合PH2本稼働にむけた作業計画_20221201.pptx","pptx","False","2025709","2022-12-01 08:18:06","★概要・スケジュール","False","","C:\Users\takatoshi-saito\OneDrive\00personal\01_IT\統合\★概要・スケジュール\10_全体計画\杏林堂システム統合PH2本稼働にむけた作業計画_20221201.pptx"
"01_IT/統合/★概要・スケジュール/10_全体計画/杏林堂システム統合に向けての全体計画_20220825.pptx","杏林堂システム統合に向けての全体計画_20220825.pptx","pptx","False","1291752","2022-08-25 11:36:40","★概要・スケジュール","False","","C:\Users\takatoshi-saito\OneDrive\00personal\01_IT\統合\★概要・スケジュール\10_全体計画\杏林堂システム統合に向けての全体計画_20220825.pptx"
"01_IT/統合/★概要・スケジュール/10_全体計画/第2次_3次合流スケジュール20221202_1.xlsx","第2次_3次合流スケジュール20221202_1.xlsx","xlsx","True","1200273","2022-12-07 16:24:49","★概要・スケジュール","False","","C:\Users\takatoshi-saito\OneDrive\00personal\01_IT\統合\★概要・スケジュール\10_全体計画\第2次_3次合流スケジュール20221202_1.xlsx"
"01_IT/統合/★概要・スケジュール/10_全体計画/履歴/杏林堂システム統合PH2本稼働にむけた作業計画_20221024.pptx","杏林堂システム統合PH2本稼働にむけた作業計画_20221024.pptx","pptx","True","2023102","2022-10-24 11:13:52","★概要・スケジュール","False","","C:\Users\takatoshi-saito\OneDrive\00personal\01_IT\統合\★概要・スケジュール\10_全体計画\履歴\杏林堂システム統合PH2本稼働にむけた作業計画_20221024.pptx"
"01_IT/統合/★概要・スケジュール/10_全体計画/履歴/杏林堂システム統合PH2本稼働にむけた作業計画_20221031.pptx","杏林堂システム統合PH2本稼働にむけた作業計画_20221031.pptx","pptx","True","2025609","2022-10-31 12:45:12","★概要・スケジュール","False","","C:\Users\takatoshi-saito\OneDrive\00personal\01_IT\統合\★概要・スケジュール\10_全体計画\履歴\杏林堂システム統合PH2本稼働にむけた作業計画_20221031.pptx"
"01_IT/統合/★概要・スケジュール/10_全体計画/履歴/杏林堂システム統合に向けての全体計画_20220303.pptx","杏林堂システム統合に向けての全体計画_20220303.pptx","pptx","False","1223637","2022-03-03 11:18:59","★概要・スケジュール","False","","C:\Users\takatoshi-saito\OneDrive\00personal\01_IT\統合\★概要・スケジュール\10_全体計画\履歴\杏林堂システム統合に向けての全体計画_20220303.pptx"
"01_IT/統合/★概要・スケジュール/10_全体計画/履歴/杏林堂システム統合に向けての全体計画_20220310.pptx","杏林堂システム統合に向けての全体計画_20220310.pptx","pptx","False","1227644","2022-03-10 15:57:57","★概要・スケジュール","False","","C:\Users\takatoshi-saito\OneDrive\00personal\01_IT\統合\★概要・スケジュール\10_全体計画\履歴\杏林堂システム統合に向けての全体計画_20220310.pptx"
"01_IT/統合/★概要・スケジュール/10_全体計画/履歴/杏林堂システム統合に向けての全体計画_20220317.pptx","杏林堂システム統合に向けての全体計画_20220317.pptx","pptx","False","1295240","2022-03-18 17:24:48","★概要・スケジュール","False","","C:\Users\takatoshi-saito\OneDrive\00personal\01_IT\統合\★概要・スケジュール\10_全体計画\履歴\杏林堂システム統合に向けての全体計画_20220317.pptx"
"01_IT/統合/★概要・スケジュール/10_全体計画/履歴/杏林堂システム統合に向けての全体計画_20220324.pptx","杏林堂システム統合に向けての全体計画_20220324.pptx","pptx","False","1295904","2022-03-24 18:22:21","★概要・スケジュール","False","","C:\Users\takatoshi-saito\OneDrive\00personal\01_IT\統合\★概要・スケジュール\10_全体計画\履歴\杏林堂システム統合に向けての全体計画_20220324.pptx"
"01_IT/統合/★概要・スケジュール/10_全体計画/履歴/杏林堂システム統合に向けての全体計画_20220412.pptx","杏林堂システム統合に向けての全体計画_20220412.pptx","pptx","False","1299156","2022-04-11 18:32:27","★概要・スケジュール","False","","C:\Users\takatoshi-saito\OneDrive\00personal\01_IT\統合\★概要・スケジュール\10_全体計画\履歴\杏林堂システム統合に向けての全体計画_20220412.pptx"
"01_IT/統合/★概要・スケジュール/10_全体計画/履歴/杏林堂システム統合に向けての全体計画_20220808.pptx","杏林堂システム統合に向けての全体計画_20220808.pptx","pptx","True","1298815","2022-08-09 10:35:48","★概要・スケジュール","False","","C:\Users\takatoshi-saito\OneDrive\00personal\01_IT\統合\★概要・スケジュール\10_全体計画\履歴\杏林堂システム統合に向けての全体計画_20220808.pptx"
"01_IT/統合/★概要・スケジュール/10_全体計画/履歴/杏林堂システム統合に向けての全体計画_20220810.pptx","杏林堂システム統合に向けての全体計画_20220810.pptx","pptx","True","1291064","2022-08-12 04:18:40","★概要・スケジュール","False","","C:\Users\takatoshi-saito\OneDrive\00personal\01_IT\統合\★概要・スケジュール\10_全体計画\履歴\杏林堂システム統合に向けての全体計画_20220810.pptx"
"01_IT/統合/★概要・スケジュール/10_全体計画/履歴/第1次合流スケジュール20220407.xlsx","第1次合流スケジュール20220407.xlsx","xlsx","False","1117280","2022-05-10 11:57:21","★概要・スケジュール","False","","C:\Users\takatoshi-saito\OneDrive\00personal\01_IT\統合\★概要・スケジュール\10_全体計画\履歴\第1次合流スケジュール20220407.xlsx"
"01_IT/統合/★概要・スケジュール/10_全体計画/履歴/第1次合流スケジュール20220510.xlsx","第1次合流スケジュール20220510.xlsx","xlsx","False","1117369","2022-05-10 16:35:26","★概要・スケジュール","False","","C:\Users\takatoshi-saito\OneDrive\00personal\01_IT\統合\★概要・スケジュール\10_全体計画\履歴\第1次合流スケジュール20220510.xlsx"
"01_IT/統合/★概要・スケジュール/10_全体計画/履歴/第1次合流スケジュール20220606.xlsx","第1次合流スケジュール20220606.xlsx","xlsx","False","1117305","2022-06-06 11:33:21","★概要・スケジュール","False","","C:\Users\takatoshi-saito\OneDrive\00personal\01_IT\統合\★概要・スケジュール\10_全体計画\履歴\第1次合流スケジュール20220606.xlsx"
"01_IT/統合/★概要・スケジュール/10_全体計画/履歴/第1次合流スケジュール20220620.xlsx","第1次合流スケジュール20220620.xlsx","xlsx","True","1117452","2022-06-20 09:14:16","★概要・スケジュール","False","","C:\Users\takatoshi-saito\OneDrive\00personal\01_IT\統合\★概要・スケジュール\10_全体計画\履歴\第1次合流スケジュール20220620.xlsx"
"01_IT/統合/★概要・スケジュール/10_全体計画/履歴/第1次合流スケジュール20220627.xlsx","第1次合流スケジュール20220627.xlsx","xlsx","True","1117361","2022-06-27 09:03:51","★概要・スケジュール","False","","C:\Users\takatoshi-saito\OneDrive\00personal\01_IT\統合\★概要・スケジュール\10_全体計画\履歴\第1次合流スケジュール20220627.xlsx"
"01_IT/統合/★概要・スケジュール/10_全体計画/履歴/第1次合流スケジュール20220718.xlsx","第1次合流スケジュール20220718.xlsx","xlsx","True","1117310","2022-07-26 16:14:02","★概要・スケジュール","False","","C:\Users\takatoshi-saito\OneDrive\00personal\01_IT\統合\★概要・スケジュール\10_全体計画\履歴\第1次合流スケジュール20220718.xlsx"
"01_IT/統合/★概要・スケジュール/10_全体計画/履歴/第1次合流スケジュール20220801.xlsx","第1次合流スケジュール20220801.xlsx","xlsx","True","1124366","2022-08-09 08:58:11","★概要・スケジュール","False","","C:\Users\takatoshi-saito\OneDrive\00personal\01_IT\統合\★概要・スケジュール\10_全体計画\履歴\第1次合流スケジュール20220801.xlsx"
"01_IT/統合/★概要・スケジュール/10_全体計画/履歴/第2次_3次合流スケジュール20220808.xlsx","第2次_3次合流スケジュール20220808.xlsx","xlsx","True","1179109","2022-08-10 18:18:17","★概要・スケジュール","False","","C:\Users\takatoshi-saito\OneDrive\00personal\01_IT\統合\★概要・スケジュール\10_全体計画\履歴\第2次_3次合流スケジュール20220808.xlsx"
"01_IT/統合/★概要・スケジュール/10_全体計画/履歴/第2次_3次合流スケジュール20220818.xlsx","第2次_3次合流スケジュール20220818.xlsx","xlsx","True","1184455","2022-08-18 18:49:50","★概要・スケジュール","False","","C:\Users\takatoshi-saito\OneDrive\00personal\01_IT\統合\★概要・スケジュール\10_全体計画\履歴\第2次_3次合流スケジュール20220818.xlsx"
"01_IT/統合/★概要・スケジュール/10_全体計画/履歴/第2次_3次合流スケジュール20220823.xlsx","第2次_3次合流スケジュール20220823.xlsx","xlsx","True","1185093","2022-08-23 19:12:02","★概要・スケジュール","False","","C:\Users\takatoshi-saito\OneDrive\00personal\01_IT\統合\★概要・スケジュール\10_全体計画\履歴\第2次_3次合流スケジュール20220823.xlsx"
"01_IT/統合/★概要・スケジュール/10_全体計画/履歴/第2次_3次合流スケジュール20220825_1.xlsx","第2次_3次合流スケジュール20220825_1.xlsx","xlsx","True","1185093","2022-08-23 19:12:02","★概要・スケジュール","False","","C:\Users\takatoshi-saito\OneDrive\00personal\01_IT\統合\★概要・スケジュール\10_全体計画\履歴\第2次_3次合流スケジュール20220825_1.xlsx"
"01_IT/統合/★概要・スケジュール/10_全体計画/履歴/第2次_3次合流スケジュール20220825.xlsx","第2次_3次合流スケジュール20220825.xlsx","xlsx","True","1185093","2022-08-23 19:12:02","★概要・スケジュール","False","","C:\Users\takatoshi-saito\OneDrive\00personal\01_IT\統合\★概要・スケジュール\10_全体計画\履歴\第2次_3次合流スケジュール20220825.xlsx"
"01_IT/統合/★概要・スケジュール/10_全体計画/履歴/第2次_3次合流スケジュール20220830_1.xlsx","第2次_3次合流スケジュール20220830_1.xlsx","xlsx","True","1196891","2022-08-30 19:04:45","★概要・スケジュール","False","","C:\Users\takatoshi-saito\OneDrive\00personal\01_IT\統合\★概要・スケジュール\10_全体計画\履歴\第2次_3次合流スケジュール20220830_1.xlsx"
"01_IT/統合/★概要・スケジュール/10_全体計画/履歴/第2次_3次合流スケジュール20220905_1.xlsx","第2次_3次合流スケジュール20220905_1.xlsx","xlsx","True","1198421","2022-09-06 13:47:57","★概要・スケジュール","False","","C:\Users\takatoshi-saito\OneDrive\00personal\01_IT\統合\★概要・スケジュール\10_全体計画\履歴\第2次_3次合流スケジュール20220905_1.xlsx"
"01_IT/統合/★概要・スケジュール/10_全体計画/履歴/第2次_3次合流スケジュール20220919_1.xlsx","第2次_3次合流スケジュール20220919_1.xlsx","xlsx","True","1198649","2022-10-11 13:17:28","★概要・スケジュール","False","","C:\Users\takatoshi-saito\OneDrive\00personal\01_IT\統合\★概要・スケジュール\10_全体計画\履歴\第2次_3次合流スケジュール20220919_1.xlsx"
"01_IT/統合/★概要・スケジュール/10_全体計画/履歴/第2次_3次合流スケジュール20221011_1.xlsx","第2次_3次合流スケジュール20221011_1.xlsx","xlsx","True","1198328","2022-10-11 13:28:56","★概要・スケジュール","False","","C:\Users\takatoshi-saito\OneDrive\00personal\01_IT\統合\★概要・スケジュール\10_全体計画\履歴\第2次_3次合流スケジュール20221011_1.xlsx"
"01_IT/統合/★概要・スケジュール/10_全体計画/履歴/第2次_3次合流スケジュール20221017_1.xlsx","第2次_3次合流スケジュール20221017_1.xlsx","xlsx","True","1198069","2022-10-18 13:16:02","★概要・スケジュール","False","","C:\Users\takatoshi-saito\OneDrive\00personal\01_IT\統合\★概要・スケジュール\10_全体計画\履歴\第2次_3次合流スケジュール20221017_1.xlsx"
"01_IT/統合/★概要・スケジュール/10_全体計画/履歴/第2次_3次合流スケジュール20221024_1.xlsx","第2次_3次合流スケジュール20221024_1.xlsx","xlsx","True","1198025","2022-10-24 05:03:16","★概要・スケジュール","False","","C:\Users\takatoshi-saito\OneDrive\00personal\01_IT\統合\★概要・スケジュール\10_全体計画\履歴\第2次_3次合流スケジュール20221024_1.xlsx"
"01_IT/統合/★概要・スケジュール/10_全体計画/履歴/第2次_3次合流スケジュール20221031_1.xlsx","第2次_3次合流スケジュール20221031_1.xlsx","xlsx","True","1198034","2022-10-31 12:47:50","★概要・スケジュール","False","","C:\Users\takatoshi-saito\OneDrive\00personal\01_IT\統合\★概要・スケジュール\10_全体計画\履歴\第2次_3次合流スケジュール20221031_1.xlsx"
"01_IT/統合/★概要・スケジュール/10_全体計画/履歴/第2次_3次合流スケジュール20221107_1.xlsx","第2次_3次合流スケジュール20221107_1.xlsx","xlsx","True","1198422","2022-11-07 12:50:16","★概要・スケジュール","False","","C:\Users\takatoshi-saito\OneDrive\00personal\01_IT\統合\★概要・スケジュール\10_全体計画\履歴\第2次_3次合流スケジュール20221107_1.xlsx"
"01_IT/統合/★概要・スケジュール/10_全体計画/履歴/第2次_3次合流スケジュール20221121_1.xlsx","第2次_3次合流スケジュール20221121_1.xlsx","xlsx","True","1199615","2022-11-21 14:05:27","★概要・スケジュール","False","","C:\Users\takatoshi-saito\OneDrive\00personal\01_IT\統合\★概要・スケジュール\10_全体計画\履歴\第2次_3次合流スケジュール20221121_1.xlsx"
"01_IT/統合/★概要・スケジュール/10_全体計画/履歴/第2次_3次合流スケジュール20221129_1.xlsx","第2次_3次合流スケジュール20221129_1.xlsx","xlsx","True","1199806","2022-11-29 18:30:53","★概要・スケジュール","False","","C:\Users\takatoshi-saito\OneDrive\00personal\01_IT\統合\★概要・スケジュール\10_全体計画\履歴\第2次_3次合流スケジュール20221129_1.xlsx"
"01_IT/統合/★概要・スケジュール/スケジュール/第2次_3次合流スケジュール20220905_1.xlsx","第2次_3次合流スケジュール20220905_1.xlsx","xlsx","True","1192745","2023-02-02 17:45:35","★概要・スケジュール","False","","C:\Users\takatoshi-saito\OneDrive\00personal\01_IT\統合\★概要・スケジュール\スケジュール\第2次_3次合流スケジュール20220905_1.xlsx"
"01_IT/統合/★概要・スケジュール/杏林堂影響調査.pptx","杏林堂影響調査.pptx","pptx","False","262369","2023-06-09 15:20:26","★概要・スケジュール","False","","C:\Users\takatoshi-saito\OneDrive\00personal\01_IT\統合\★概要・スケジュール\杏林堂影響調査.pptx"
"01_IT/統合/★概要・スケジュール/概要資料/NON-PLU機能 – スマレジ・ヘルプ.pdf","NON-PLU機能 – スマレジ・ヘルプ.pdf","pdf","False","350629","2021-12-03 08:33:06","★概要・スケジュール","False","","C:\Users\takatoshi-saito\OneDrive\00personal\01_IT\統合\★概要・スケジュール\概要資料\NON-PLU機能 – スマレジ・ヘルプ.pdf"
"01_IT/統合/★実績/【23年6月度】【単月】POS実績（ポイント値引き済）.xlsx","【23年6月度】【単月】POS実績（ポイント値引き済）.xlsx","xlsx","False","12475171","2023-06-21 08:03:00","★実績","False","","C:\Users\takatoshi-saito\OneDrive\00personal\01_IT\統合\★実績\【23年6月度】【単月】POS実績（ポイント値引き済）.xlsx"
"01_IT/統合/★新MD/CCR操作説明書　販促チーム用/０１：共通_分類一括メンテナンス画面_Web編_Ver1.0.pdf","０１：共通_分類一括メンテナンス画面_Web編_Ver1.0.pdf","pdf","True","1332688","2023-11-02 08:27:34","★新MD","False","","C:\Users\takatoshi-saito\OneDrive\00personal\01_IT\統合\★新MD\CCR操作説明書　販促チーム用\０１：共通_分類一括メンテナンス画面_Web編_Ver1.0.pdf"
"01_IT/統合/★新MD/CCR操作説明書　販促チーム用/０１：販促_大見出し登録画面_Web編_Ver1.0.pdf","０１：販促_大見出し登録画面_Web編_Ver1.0.pdf","pdf","True","2069418","2023-11-02 08:27:35","★新MD","False","","C:\Users\takatoshi-saito\OneDrive\00personal\01_IT\統合\★新MD\CCR操作説明書　販促チーム用\０１：販促_大見出し登録画面_Web編_Ver1.0.pdf"
"01_IT/統合/★新MD/CCR操作説明書　販促チーム用/０２：共通_小売ジョブネット起動指示_Web編_Ver1.0.pdf","０２：共通_小売ジョブネット起動指示_Web編_Ver1.0.pdf","pdf","True","778660","2023-11-02 08:27:35","★新MD","False","","C:\Users\takatoshi-saito\OneDrive\00personal\01_IT\統合\★新MD\CCR操作説明書　販促チーム用\０２：共通_小売ジョブネット起動指示_Web編_Ver1.0.pdf"
"01_IT/統合/★新MD/CCR操作説明書　販促チーム用/０２：販促_小見出し登録画面_Web編_Ver1.0.pdf","０２：販促_小見出し登録画面_Web編_Ver1.0.pdf","pdf","True","1809142","2023-11-02 08:27:36","★新MD","False","","C:\Users\takatoshi-saito\OneDrive\00personal\01_IT\統合\★新MD\CCR操作説明書　販促チーム用\０２：販促_小見出し登録画面_Web編_Ver1.0.pdf"
"01_IT/統合/★新MD/CCR操作説明書　販促チーム用/０３：販促_販促EXCEL入出力画面_Web編_Ver1.0.pdf","０３：販促_販促EXCEL入出力画面_Web編_Ver1.0.pdf","pdf","True","3863892","2023-11-02 08:27:36","★新MD","False","","C:\Users\takatoshi-saito\OneDrive\00personal\01_IT\統合\★新MD\CCR操作説明書　販促チーム用\０３：販促_販促EXCEL入出力画面_Web編_Ver1.0.pdf"
"01_IT/統合/★新MD/CCR操作説明書　販促チーム用/０４：販促_小見出し商品登録画面_Web編__Ver1.0.pdf","０４：販促_小見出し商品登録画面_Web編__Ver1.0.pdf","pdf","True","2297348","2023-11-02 08:27:37","★新MD","False","","C:\Users\takatoshi-saito\OneDrive\00personal\01_IT\統合\★新MD\CCR操作説明書　販促チーム用\０４：販促_小見出し商品登録画面_Web編__Ver1.0.pdf"
"01_IT/統合/★新MD/CCR操作説明書　販促チーム用/０５：販促_小見出し商品一括更新画面_Web編_Ver1.0.pdf","０５：販促_小見出し商品一括更新画面_Web編_Ver1.0.pdf","pdf","True","3105665","2023-11-02 08:27:38","★新MD","False","","C:\Users\takatoshi-saito\OneDrive\00personal\01_IT\統合\★新MD\CCR操作説明書　販促チーム用\０５：販促_小見出し商品一括更新画面_Web編_Ver1.0.pdf"
"01_IT/統合/★新MD/CCR操作説明書　販促チーム用/０６：販促_イベントマスタ登録画面_Web編_Ver1.0.pdf","０６：販促_イベントマスタ登録画面_Web編_Ver1.0.pdf","pdf","True","3008733","2023-11-02 08:27:40","★新MD","False","","C:\Users\takatoshi-saito\OneDrive\00personal\01_IT\統合\★新MD\CCR操作説明書　販促チーム用\０６：販促_イベントマスタ登録画面_Web編_Ver1.0.pdf"
"01_IT/統合/★新MD/CCR操作説明書　販促チーム用/０７：販促_バンドルミックスマッチ登録画面_Web編_Ver1.0.pdf","０７：販促_バンドルミックスマッチ登録画面_Web編_Ver1.0.pdf","pdf","True","2178222","2023-11-02 08:27:41","★新MD","False","","C:\Users\takatoshi-saito\OneDrive\00personal\01_IT\統合\★新MD\CCR操作説明書　販促チーム用\０７：販促_バンドルミックスマッチ登録画面_Web編_Ver1.0.pdf"
"01_IT/統合/★新MD/CCR操作説明書　販促チーム用/０８：販促_バンドルミックスマッチ単品登録画面_Web編_Ver1.0.pdf","０８：販促_バンドルミックスマッチ単品登録画面_Web編_Ver1.0.pdf","pdf","True","2103950","2023-11-02 08:27:39","★新MD","False","","C:\Users\takatoshi-saito\OneDrive\00personal\01_IT\統合\★新MD\CCR操作説明書　販促チーム用\０８：販促_バンドルミックスマッチ単品登録画面_Web編_Ver1.0.pdf"
"01_IT/統合/★新MD/CCR操作説明書　販促チーム用/０９：販促_ミックスマッチ商品群登録画面_Web編_Ver.1.0.pdf","０９：販促_ミックスマッチ商品群登録画面_Web編_Ver.1.0.pdf","pdf","True","1779747","2023-11-02 08:27:41","★新MD","False","","C:\Users\takatoshi-saito\OneDrive\00personal\01_IT\統合\★新MD\CCR操作説明書　販促チーム用\０９：販促_ミックスマッチ商品群登録画面_Web編_Ver.1.0.pdf"
"01_IT/統合/★新MD/CCR操作説明書　販促チーム用/１０：販促_会員指定クーポン券マスタ登録画面_Web編_Ver1.0.pdf","１０：販促_会員指定クーポン券マスタ登録画面_Web編_Ver1.0.pdf","pdf","True","1272350","2023-11-02 08:27:42","★新MD","False","","C:\Users\takatoshi-saito\OneDrive\00personal\01_IT\統合\★新MD\CCR操作説明書　販促チーム用\１０：販促_会員指定クーポン券マスタ登録画面_Web編_Ver1.0.pdf"
"01_IT/統合/★新MD/CCR操作説明書　販促チーム用/１１：販促_会員指定クーポン優先順位設定画面_Web編_Ver1.0.pdf","１１：販促_会員指定クーポン優先順位設定画面_Web編_Ver1.0.pdf","pdf","True","916228","2023-11-02 08:27:42","★新MD","False","","C:\Users\takatoshi-saito\OneDrive\00personal\01_IT\統合\★新MD\CCR操作説明書　販促チーム用\１１：販促_会員指定クーポン優先順位設定画面_Web編_Ver1.0.pdf"
"01_IT/統合/★新MD/CCR操作説明書　販促チーム用/１２：販促_値引券レシートマスタ登録画面_Web編_Ver1.0.pdf","１２：販促_値引券レシートマスタ登録画面_Web編_Ver1.0.pdf","pdf","True","1173015","2023-11-02 08:27:43","★新MD","False","","C:\Users\takatoshi-saito\OneDrive\00personal\01_IT\統合\★新MD\CCR操作説明書　販促チーム用\１２：販促_値引券レシートマスタ登録画面_Web編_Ver1.0.pdf"
"01_IT/統合/★新MD/CCR操作説明書　販促チーム用/共通_分類一括マスタ検索画面_Mart編_Ver1.0.pdf","共通_分類一括マスタ検索画面_Mart編_Ver1.0.pdf","pdf","True","830454","2023-11-02 08:27:31","★新MD","False","","C:\Users\takatoshi-saito\OneDrive\00personal\01_IT\統合\★新MD\CCR操作説明書　販促チーム用\共通_分類一括マスタ検索画面_Mart編_Ver1.0.pdf"
"01_IT/統合/★新MD/CCR操作説明書　販促チーム用/販促_イベントマスタ照会画面_Ver1.0.pdf","販促_イベントマスタ照会画面_Ver1.0.pdf","pdf","True","928408","2023-11-02 08:27:28","★新MD","False","","C:\Users\takatoshi-saito\OneDrive\00personal\01_IT\統合\★新MD\CCR操作説明書　販促チーム用\販促_イベントマスタ照会画面_Ver1.0.pdf"
"01_IT/統合/★新MD/CCR操作説明書　販促チーム用/販促_バンドルミックスマッチ検索画面_Web編_Ver1.0.pdf","販促_バンドルミックスマッチ検索画面_Web編_Ver1.0.pdf","pdf","True","929380","2023-11-02 08:27:28","★新MD","False","","C:\Users\takatoshi-saito\OneDrive\00personal\01_IT\統合\★新MD\CCR操作説明書　販促チーム用\販促_バンドルミックスマッチ検索画面_Web編_Ver1.0.pdf"
"01_IT/統合/★新MD/CCR操作説明書　販促チーム用/販促_バンドルミックスマッチ照会画面_Ver1.0.pdf","販促_バンドルミックスマッチ照会画面_Ver1.0.pdf","pdf","True","1759354","2023-11-02 08:27:30","★新MD","False","","C:\Users\takatoshi-saito\OneDrive\00personal\01_IT\統合\★新MD\CCR操作説明書　販促チーム用\販促_バンドルミックスマッチ照会画面_Ver1.0.pdf"
"01_IT/統合/★新MD/CCR操作説明書　販促チーム用/販促_ミックスマッチ商品群照会画面_Ver1.0.pdf","販促_ミックスマッチ商品群照会画面_Ver1.0.pdf","pdf","True","971838","2023-11-02 08:27:29","★新MD","False","","C:\Users\takatoshi-saito\OneDrive\00personal\01_IT\統合\★新MD\CCR操作説明書　販促チーム用\販促_ミックスマッチ商品群照会画面_Ver1.0.pdf"
"01_IT/統合/★新MD/CCR操作説明書　販促チーム用/販促_会員指定クーポン券マスタ照会画面_Ver1.0.pdf","販促_会員指定クーポン券マスタ照会画面_Ver1.0.pdf","pdf","True","984344","2023-11-02 08:27:32","★新MD","False","","C:\Users\takatoshi-saito\OneDrive\00personal\01_IT\統合\★新MD\CCR操作説明書　販促チーム用\販促_会員指定クーポン券マスタ照会画面_Ver1.0.pdf"
"01_IT/統合/★新MD/CCR操作説明書　販促チーム用/販促_小見出し商品一括更新データ照会画面_Ver1.0.pdf","販促_小見出し商品一括更新データ照会画面_Ver1.0.pdf","pdf","True","1262492","2023-11-02 08:27:32","★新MD","False","","C:\Users\takatoshi-saito\OneDrive\00personal\01_IT\統合\★新MD\CCR操作説明書　販促チーム用\販促_小見出し商品一括更新データ照会画面_Ver1.0.pdf"
"01_IT/統合/★新MD/CCR操作説明書　販促チーム用/販促_小見出し商品検索_Mart編_Ver1.0.pdf","販促_小見出し商品検索_Mart編_Ver1.0.pdf","pdf","True","2883724","2023-11-02 08:27:33","★新MD","False","","C:\Users\takatoshi-saito\OneDrive\00personal\01_IT\統合\★新MD\CCR操作説明書　販促チーム用\販促_小見出し商品検索_Mart編_Ver1.0.pdf"
"01_IT/統合/★新MD/CCR操作説明書　販促チーム用/販促_大見出し・小見出し_一覧照会画面_Ver.1.0.pdf","販促_大見出し・小見出し_一覧照会画面_Ver.1.0.pdf","pdf","True","1088357","2023-11-02 08:27:30","★新MD","False","","C:\Users\takatoshi-saito\OneDrive\00personal\01_IT\統合\★新MD\CCR操作説明書　販促チーム用\販促_大見出し・小見出し_一覧照会画面_Ver.1.0.pdf"
"01_IT/統合/★新MD/CCR操作説明書　販促チーム用/販促_値引券レシートマスタ照会画面_Ver1.0.pdf","販促_値引券レシートマスタ照会画面_Ver1.0.pdf","pdf","True","955004","2023-11-02 08:27:31","★新MD","False","","C:\Users\takatoshi-saito\OneDrive\00personal\01_IT\統合\★新MD\CCR操作説明書　販促チーム用\販促_値引券レシートマスタ照会画面_Ver1.0.pdf"
"01_IT/統合/★新MD/継続利用システム_リリース計画.xlsx","継続利用システム_リリース計画.xlsx","xlsx","False","667452","2024-06-12 10:06:14","★新MD","False","","C:\Users\takatoshi-saito\OneDrive\00personal\01_IT\統合\★新MD\継続利用システム_リリース計画.xlsx"
"01_IT/統合/★新MD/継続利用システム変更周知FAQ.xlsx","継続利用システム変更周知FAQ.xlsx","xlsx","False","11118","2024-06-12 10:06:45","★新MD","False","","C:\Users\takatoshi-saito\OneDrive\00personal\01_IT\統合\★新MD\継続利用システム変更周知FAQ.xlsx"
"01_IT/統合/★新MD/新MD検証環境.txt","新MD検証環境.txt","txt","False","2205","2023-11-02 08:25:39","★新MD","False","","C:\Users\takatoshi-saito\OneDrive\00personal\01_IT\統合\★新MD\新MD検証環境.txt"
"01_IT/統合/★新MD/目次一覧.xlsx","目次一覧.xlsx","xlsx","True","15423","2024-06-12 10:01:17","★新MD","False","","C:\Users\takatoshi-saito\OneDrive\00personal\01_IT\統合\★新MD\目次一覧.xlsx"
"01_IT/統合/★説明/01-当日のアジェンダ兼質疑応答メモ.pptx","01-当日のアジェンダ兼質疑応答メモ.pptx","pptx","False","121967","2023-03-13 11:31:39","★説明","False","","C:\Users\takatoshi-saito\OneDrive\00personal\01_IT\統合\★説明\01-当日のアジェンダ兼質疑応答メモ.pptx"
"01_IT/統合/★説明/230216-システム統合説明会（店長向け）.pptx","230216-システム統合説明会（店長向け）.pptx","pptx","False","371587","2023-02-16 14:58:33","★説明","False","","C:\Users\takatoshi-saito\OneDrive\00personal\01_IT\統合\★説明\230216-システム統合説明会（店長向け）.pptx"
"01_IT/統合/★説明/システム統合説明会（CS推進部）.pptx","システム統合説明会（CS推進部）.pptx","pptx","False","5030614","2023-02-16 19:20:05","★説明","False","","C:\Users\takatoshi-saito\OneDrive\00personal\01_IT\統合\★説明\システム統合説明会（CS推進部）.pptx"
"01_IT/統合/★説明/システム統合説明会（情報システム）.pptx","システム統合説明会（情報システム）.pptx","pptx","False","2329838","2023-02-21 17:10:50","★説明","False","","C:\Users\takatoshi-saito\OneDrive\00personal\01_IT\統合\★説明\システム統合説明会（情報システム）.pptx"
"01_IT/統合/★判定/【杏林堂統合ph2.5】移行タイムスケジュール、体制図20230316_vinx記載.xlsx","【杏林堂統合ph2.5】移行タイムスケジュール、体制図20230316_vinx記載.xlsx","xlsx","False","66269","2023-03-20 09:09:17","★判定","False","","C:\Users\takatoshi-saito\OneDrive\00personal\01_IT\統合\★判定\【杏林堂統合ph2.5】移行タイムスケジュール、体制図20230316_vinx記載.xlsx"
"01_IT/統合/★判定/20221006/⑤スケジュール判定サマリ20221006.pptx","⑤スケジュール判定サマリ20221006.pptx","pptx","False","50451","2022-10-07 11:05:41","★判定","False","","C:\Users\takatoshi-saito\OneDrive\00personal\01_IT\統合\★判定\20221006\⑤スケジュール判定サマリ20221006.pptx"
"01_IT/統合/★判定/20221006/調剤（フェーズ2.0）販促 (1).xlsx","調剤（フェーズ2.0）販促 (1).xlsx","xlsx","True","1614592","2022-10-07 11:05:56","★判定","False","","C:\Users\takatoshi-saito\OneDrive\00personal\01_IT\統合\★判定\20221006\調剤（フェーズ2.0）販促 (1).xlsx"
"01_IT/統合/★判定/20221006/添付1．1004-基幹変更-杏林堂スケジュール・進捗確認.xlsx","添付1．1004-基幹変更-杏林堂スケジュール・進捗確認.xlsx","xlsx","True","242483","2022-10-07 11:05:45","★判定","False","","C:\Users\takatoshi-saito\OneDrive\00personal\01_IT\統合\★判定\20221006\添付1．1004-基幹変更-杏林堂スケジュール・進捗確認.xlsx"
"01_IT/統合/★判定/20221006/添付2．1004-第2次_3次合流スケジュール20220905_1.xlsx","添付2．1004-第2次_3次合流スケジュール20220905_1.xlsx","xlsx","True","1498898","2022-10-07 11:05:51","★判定","False","","C:\Users\takatoshi-saito\OneDrive\00personal\01_IT\統合\★判定\20221006\添付2．1004-第2次_3次合流スケジュール20220905_1.xlsx"
"01_IT/統合/★判定/20230315/Ph2.5パイロットに向けて_20230315.pptx","Ph2.5パイロットに向けて_20230315.pptx","pptx","False","159159","2023-03-15 12:31:54","★判定","False","","C:\Users\takatoshi-saito\OneDrive\00personal\01_IT\統合\★判定\20230315\Ph2.5パイロットに向けて_20230315.pptx"
"01_IT/統合/HBAヘルプデスク/HBA様一次受付サービス対象機器表.pdf","HBA様一次受付サービス対象機器表.pdf","pdf","False","223756","2023-01-18 18:36:15","HBAヘルプデスク","False","","C:\Users\takatoshi-saito\OneDrive\00personal\01_IT\統合\HBAヘルプデスク\HBA様一次受付サービス対象機器表.pdf"
"01_IT/統合/HBAヘルプデスク/TTSS一次受付サービス対象機器表.pdf","TTSS一次受付サービス対象機器表.pdf","pdf","False","190059","2023-01-18 18:36:15","HBAヘルプデスク","False","","C:\Users\takatoshi-saito\OneDrive\00personal\01_IT\統合\HBAヘルプデスク\TTSS一次受付サービス対象機器表.pdf"
"01_IT/統合/HBAヘルプデスク/ツルハ様進捗会議資料_ヘルプデスクＰ（HBA）_20221128.pptx","ツルハ様進捗会議資料_ヘルプデスクＰ（HBA）_20221128.pptx","pptx","False","136950","2022-12-07 16:09:11","HBAヘルプデスク","False","","C:\Users\takatoshi-saito\OneDrive\00personal\01_IT\統合\HBAヘルプデスク\ツルハ様進捗会議資料_ヘルプデスクＰ（HBA）_20221128.pptx"
"01_IT/統合/HBAヘルプデスク/案件別一覧.xlsx","案件別一覧.xlsx","xlsx","False","18599","2022-10-26 20:36:28","HBAヘルプデスク","False","","C:\Users\takatoshi-saito\OneDrive\00personal\01_IT\統合\HBAヘルプデスク\案件別一覧.xlsx"
"01_IT/統合/HBAヘルプデスク/杏林堂薬局様　HBA社設置機器一覧.xlsx","杏林堂薬局様　HBA社設置機器一覧.xlsx","xlsx","False","11380","2023-02-01 11:15:55","HBAヘルプデスク","False","","C:\Users\takatoshi-saito\OneDrive\00personal\01_IT\統合\HBAヘルプデスク\杏林堂薬局様　HBA社設置機器一覧.xlsx"
"01_IT/統合/HBAヘルプデスク/受電件数推移_20221128.pptx","受電件数推移_20221128.pptx","pptx","False","1165708","2022-12-07 16:09:16","HBAヘルプデスク","False","","C:\Users\takatoshi-saito\OneDrive\00personal\01_IT\統合\HBAヘルプデスク\受電件数推移_20221128.pptx"
"01_IT/統合/HBAヘルプデスク/受電件数推移_20230327.pdf","受電件数推移_20230327.pdf","pdf","False","1864184","2023-04-05 08:05:15","HBAヘルプデスク","False","","C:\Users\takatoshi-saito\OneDrive\00personal\01_IT\統合\HBAヘルプデスク\受電件数推移_20230327.pdf"
"01_IT/統合/HBAヘルプデスク/対応履歴/20230212_杏林堂対応履歴.xlsx","20230212_杏林堂対応履歴.xlsx","xlsx","True","12542","2023-02-13 14:17:28","HBAヘルプデスク","False","","C:\Users\takatoshi-saito\OneDrive\00personal\01_IT\統合\HBAヘルプデスク\対応履歴\20230212_杏林堂対応履歴.xlsx"
"01_IT/統合/HBAヘルプデスク/対応履歴/20230405_杏林堂対応履歴.xlsx","20230405_杏林堂対応履歴.xlsx","xlsx","True","12770","2023-04-06 08:31:27","HBAヘルプデスク","False","","C:\Users\takatoshi-saito\OneDrive\00personal\01_IT\統合\HBAヘルプデスク\対応履歴\20230405_杏林堂対応履歴.xlsx"
"01_IT/統合/MD周り_全体概況図.pdf","MD周り_全体概況図.pdf","pdf","False","86330","2023-10-27 17:05:00","MD周り_全体概況図.pdf","False","","C:\Users\takatoshi-saito\OneDrive\00personal\01_IT\統合\MD周り_全体概況図.pdf"
"01_IT/統合/ツルハHD_システム概要＆データ連携図.pdf","ツルハHD_システム概要＆データ連携図.pdf","pdf","False","1356372","2023-10-27 17:04:52","ツルハHD_システム概要＆データ連携図.pdf","False","","C:\Users\takatoshi-saito\OneDrive\00personal\01_IT\統合\ツルハHD_システム概要＆データ連携図.pdf"
"01_IT/統合/ツルハHD_システム全体概要図 (1).pdf","ツルハHD_システム全体概要図 (1).pdf","pdf","False","1206364","2023-05-17 08:44:42","ツルハHD_システム全体概要図 (1).pdf","False","","C:\Users\takatoshi-saito\OneDrive\00personal\01_IT\統合\ツルハHD_システム全体概要図 (1).pdf"
"01_IT/統合/ツルハHD_ネットワーク概要図.pdf","ツルハHD_ネットワーク概要図.pdf","pdf","False","2919172","2023-10-27 17:04:57","ツルハHD_ネットワーク概要図.pdf","False","","C:\Users\takatoshi-saito\OneDrive\00personal\01_IT\統合\ツルハHD_ネットワーク概要図.pdf"
"01_IT/統合/ツルハHD新MD_テスト環境概要_20230327.pdf","ツルハHD新MD_テスト環境概要_20230327.pdf","pdf","False","358837","2023-03-27 20:07:04","ツルハHD新MD_テスト環境概要_20230327.pdf","False","","C:\Users\takatoshi-saito\OneDrive\00personal\01_IT\統合\ツルハHD新MD_テスト環境概要_20230327.pdf"
"01_IT/統合/ツルハPAY/★切替確認.txt","★切替確認.txt","txt","True","278","2023-02-03 18:33:21","ツルハPAY","False","","C:\Users\takatoshi-saito\OneDrive\00personal\01_IT\統合\ツルハPAY\★切替確認.txt"
"01_IT/統合/ツルハPAY/①20221108案件スケジュール.pptx","①20221108案件スケジュール.pptx","pptx","False","58689","2022-12-14 12:16:54","ツルハPAY","False","","C:\Users\takatoshi-saito\OneDrive\00personal\01_IT\統合\ツルハPAY\①20221108案件スケジュール.pptx"
"01_IT/統合/ツルハPAY/20221212_04_杏林堂様でのハウスPay実現に関する資料.pptx","20221212_04_杏林堂様でのハウスPay実現に関する資料.pptx","pptx","False","3033939","2022-12-23 10:05:56","ツルハPAY","False","","C:\Users\takatoshi-saito\OneDrive\00personal\01_IT\統合\ツルハPAY\20221212_04_杏林堂様でのハウスPay実現に関する資料.pptx"
"01_IT/統合/ツルハPAY/20221221_杏林堂様のゲートウェイ切替に関する資料.pdf","20221221_杏林堂様のゲートウェイ切替に関する資料.pdf","pdf","False","530221","2022-12-23 10:05:52","ツルハPAY","False","","C:\Users\takatoshi-saito\OneDrive\00personal\01_IT\統合\ツルハPAY\20221221_杏林堂様のゲートウェイ切替に関する資料.pdf"
"01_IT/統合/ツルハPAY/20230119_杏林堂様でのハウスPay実現に関する資料.pdf","20230119_杏林堂様でのハウスPay実現に関する資料.pdf","pdf","False","634720","2023-01-19 14:07:52","ツルハPAY","False","","C:\Users\takatoshi-saito\OneDrive\00personal\01_IT\統合\ツルハPAY\20230119_杏林堂様でのハウスPay実現に関する資料.pdf"
"01_IT/統合/ツルハPAY/20230120_杏林堂様でのハウスPay実現に関する資料.pdf","20230120_杏林堂様でのハウスPay実現に関する資料.pdf","pdf","False","791357","2023-01-26 13:00:02","ツルハPAY","False","","C:\Users\takatoshi-saito\OneDrive\00personal\01_IT\統合\ツルハPAY\20230120_杏林堂様でのハウスPay実現に関する資料.pdf"
"01_IT/統合/ツルハPAY/20230124/20230123_各事業会社との日程 (1).xlsx","20230123_各事業会社との日程 (1).xlsx","xlsx","False","23789","2023-01-24 18:00:48","ツルハPAY","False","","C:\Users\takatoshi-saito\OneDrive\00personal\01_IT\統合\ツルハPAY\20230124\20230123_各事業会社との日程 (1).xlsx"
"01_IT/統合/ツルハPAY/20230124/ハウスPayプロジェクトメンバー選出について20230110.pptx","ハウスPayプロジェクトメンバー選出について20230110.pptx","pptx","False","3152935","2023-01-24 18:00:51","ツルハPAY","False","","C:\Users\takatoshi-saito\OneDrive\00personal\01_IT\統合\ツルハPAY\20230124\ハウスPayプロジェクトメンバー選出について20230110.pptx"
"01_IT/統合/ツルハPAY/②20221108新CRM開発関連性.xlsx","②20221108新CRM開発関連性.xlsx","xlsx","False","13458","2022-12-14 12:16:56","ツルハPAY","False","","C:\Users\takatoshi-saito\OneDrive\00personal\01_IT\統合\ツルハPAY\②20221108新CRM開発関連性.xlsx"
"01_IT/統合/ツルハPAY/③20221108_ハウスPayシミュレーション.xlsx","③20221108_ハウスPayシミュレーション.xlsx","xlsx","False","23144","2022-12-14 12:16:58","ツルハPAY","False","","C:\Users\takatoshi-saito\OneDrive\00personal\01_IT\統合\ツルハPAY\③20221108_ハウスPayシミュレーション.xlsx"
"01_IT/統合/ツルハPAY/④20221108ハウスPay提案.pptx","④20221108ハウスPay提案.pptx","pptx","False","4122845","2022-12-14 12:17:01","ツルハPAY","False","","C:\Users\takatoshi-saito\OneDrive\00personal\01_IT\統合\ツルハPAY\④20221108ハウスPay提案.pptx"
"01_IT/統合/ツルハPAY/incomm/【加盟店Web】認証情報登録マニュアル.pdf","【加盟店Web】認証情報登録マニュアル.pdf","pdf","True","1203944","2023-11-30 13:12:32","ツルハPAY","False","","C:\Users\takatoshi-saito\OneDrive\00personal\01_IT\統合\ツルハPAY\incomm\【加盟店Web】認証情報登録マニュアル.pdf"
"01_IT/統合/ツルハPAY/incomm/杏林堂　加盟店WEB.xlsx","杏林堂　加盟店WEB.xlsx","xlsx","False","19193","2023-11-30 13:12:32","ツルハPAY","False","","C:\Users\takatoshi-saito\OneDrive\00personal\01_IT\統合\ツルハPAY\incomm\杏林堂　加盟店WEB.xlsx"
"01_IT/統合/ツルハPAY/JCB/【杏林堂薬局様】ＪＣＢ経済条件について20211112.pdf","【杏林堂薬局様】ＪＣＢ経済条件について20211112.pdf","pdf","False","125725","2023-01-26 14:39:22","ツルハPAY","False","","C:\Users\takatoshi-saito\OneDrive\00personal\01_IT\統合\ツルハPAY\JCB\【杏林堂薬局様】ＪＣＢ経済条件について20211112.pdf"
"01_IT/統合/ツルハPAY/JCB/20230201_インコム　杏林堂様d払い手数料調整に関するご報告.pdf","20230201_インコム　杏林堂様d払い手数料調整に関するご報告.pdf","pdf","False","332221","2023-02-03 16:32:06","ツルハPAY","False","","C:\Users\takatoshi-saito\OneDrive\00personal\01_IT\統合\ツルハPAY\JCB\20230201_インコム　杏林堂様d払い手数料調整に関するご報告.pdf"
"01_IT/統合/ツルハPAY/JCB/JCB料率変更1  (1).xlsx","JCB料率変更1  (1).xlsx","xlsx","False","40944","2023-03-24 14:20:04","ツルハPAY","False","","C:\Users\takatoshi-saito\OneDrive\00personal\01_IT\統合\ツルハPAY\JCB\JCB料率変更1  (1).xlsx"
"01_IT/統合/ツルハPAY/JCB/QR登録店舗一覧_杏林堂薬局様.xlsx","QR登録店舗一覧_杏林堂薬局様.xlsx","xlsx","False","70863","2023-06-07 18:02:57","ツルハPAY","False","","C:\Users\takatoshi-saito\OneDrive\00personal\01_IT\統合\ツルハPAY\JCB\QR登録店舗一覧_杏林堂薬局様.xlsx"
"01_IT/統合/ツルハPAY/JCB/ツルハ　クレジット等料率確認.xlsx","ツルハ　クレジット等料率確認.xlsx","xlsx","False","12556","2023-02-09 14:55:04","ツルハPAY","False","","C:\Users\takatoshi-saito\OneDrive\00personal\01_IT\統合\ツルハPAY\JCB\ツルハ　クレジット等料率確認.xlsx"
"01_IT/統合/ツルハPAY/JCB/ツルハ　クレジット等料率表 のコピー.xlsx","ツルハ　クレジット等料率表 のコピー.xlsx","xlsx","True","15131","2023-02-09 20:21:21","ツルハPAY","False","","C:\Users\takatoshi-saito\OneDrive\00personal\01_IT\統合\ツルハPAY\JCB\ツルハ　クレジット等料率表 のコピー.xlsx"
"01_IT/統合/ツルハPAY/JCB/杏林堂クレジット等料率確認 (2).xlsx","杏林堂クレジット等料率確認 (2).xlsx","xlsx","False","14018","2023-02-11 13:08:34","ツルハPAY","False","","C:\Users\takatoshi-saito\OneDrive\00personal\01_IT\統合\ツルハPAY\JCB\杏林堂クレジット等料率確認 (2).xlsx"
"01_IT/統合/ツルハPAY/TMN/20200625TMNコード決済サービス利用約款（包括あり）.pdf","20200625TMNコード決済サービス利用約款（包括あり）.pdf","pdf","True","721500","2023-01-26 14:00:13","ツルハPAY","False","","C:\Users\takatoshi-saito\OneDrive\00personal\01_IT\統合\ツルハPAY\TMN\20200625TMNコード決済サービス利用約款（包括あり）.pdf"
"01_IT/統合/ツルハPAY/TMN/杏林堂様QR申込書.pdf","杏林堂様QR申込書.pdf","pdf","True","238865","2023-01-26 14:00:13","ツルハPAY","False","","C:\Users\takatoshi-saito\OneDrive\00personal\01_IT\統合\ツルハPAY\TMN\杏林堂様QR申込書.pdf"
"01_IT/統合/ツルハPAY/ハウスPay導入20221213.pptx","ハウスPay導入20221213.pptx","pptx","False","4008370","2022-12-23 12:13:04","ツルハPAY","False","","C:\Users\takatoshi-saito\OneDrive\00personal\01_IT\統合\ツルハPAY\ハウスPay導入20221213.pptx"
"01_IT/統合/ツルハPAY/各ベンダー様・ツルハG関係者20230407.pptx","各ベンダー様・ツルハG関係者20230407.pptx","pptx","False","2493030","2023-04-07 18:51:41","ツルハPAY","False","","C:\Users\takatoshi-saito\OneDrive\00personal\01_IT\統合\ツルハPAY\各ベンダー様・ツルハG関係者20230407.pptx"
"01_IT/統合/ツルハPAY/新規 テキスト ドキュメント.txt","新規 テキスト ドキュメント.txt","txt","True","264","2023-02-03 15:20:48","ツルハPAY","False","","C:\Users\takatoshi-saito\OneDrive\00personal\01_IT\統合\ツルハPAY\新規 テキスト ドキュメント.txt"
"01_IT/統合/デジコム/【日本デジコム】作業方針.pdf","【日本デジコム】作業方針.pdf","pdf","False","646132","2022-08-24 19:30:28","デジコム","False","","C:\Users\takatoshi-saito\OneDrive\00personal\01_IT\統合\デジコム\【日本デジコム】作業方針.pdf"
"01_IT/統合/デジコム/22.09.14 True Data 会社説明資料 .pdf","22.09.14 True Data 会社説明資料 .pdf","pdf","False","3302705","2022-09-21 11:27:48","デジコム","False","","C:\Users\takatoshi-saito\OneDrive\00personal\01_IT\統合\デジコム\22.09.14 True Data 会社説明資料 .pdf"
"01_IT/統合/デジコム/22.09.14 杏林堂様 販促企画作成システム開発 超概算御見積.pdf","22.09.14 杏林堂様 販促企画作成システム開発 超概算御見積.pdf","pdf","False","838936","2022-09-21 11:27:48","デジコム","False","","C:\Users\takatoshi-saito\OneDrive\00personal\01_IT\統合\デジコム\22.09.14 杏林堂様 販促企画作成システム開発 超概算御見積.pdf"
"01_IT/統合/デジコム/お見積状況_20221206_2.xlsx","お見積状況_20221206_2.xlsx","xlsx","False","12170","2022-12-13 13:59:05","デジコム","False","","C:\Users\takatoshi-saito\OneDrive\00personal\01_IT\統合\デジコム\お見積状況_20221206_2.xlsx"
"01_IT/統合/デジコム/お見積状況.xlsx","お見積状況.xlsx","xlsx","False","10479","2022-12-27 20:05:36","デジコム","False","","C:\Users\takatoshi-saito\OneDrive\00personal\01_IT\統合\デジコム\お見積状況.xlsx"
"01_IT/統合/デジコム/コピー検収完了書_販促企画システム_フェース1_要件定義.xlsx","コピー検収完了書_販促企画システム_フェース1_要件定義.xlsx","xlsx","False","17811","2022-12-22 13:02:29","デジコム","False","","C:\Users\takatoshi-saito\OneDrive\00personal\01_IT\統合\デジコム\コピー検収完了書_販促企画システム_フェース1_要件定義.xlsx"
"01_IT/統合/デジコム/フェーズ0要件まとめ.xlsx","フェーズ0要件まとめ.xlsx","xlsx","False","93751","2022-12-22 13:02:27","デジコム","False","","C:\Users\takatoshi-saito\OneDrive\00personal\01_IT\統合\デジコム\フェーズ0要件まとめ.xlsx"
"01_IT/統合/デジコム/見積/見積書_杏林堂様向け企画商品システム構築Ph1_E13591.pdf","見積書_杏林堂様向け企画商品システム構築Ph1_E13591.pdf","pdf","False","736669","2023-02-21 17:10:40","デジコム","False","","C:\Users\takatoshi-saito\OneDrive\00personal\01_IT\統合\デジコム\見積\見積書_杏林堂様向け企画商品システム構築Ph1_E13591.pdf"
"01_IT/統合/デジコム/見積/注文書_杏林堂様向け企画商品システム構築Ph1_E13591.pdf","注文書_杏林堂様向け企画商品システム構築Ph1_E13591.pdf","pdf","False","98911","2023-02-21 17:10:40","デジコム","False","","C:\Users\takatoshi-saito\OneDrive\00personal\01_IT\統合\デジコム\見積\注文書_杏林堂様向け企画商品システム構築Ph1_E13591.pdf"
"01_IT/統合/デジコム/見積/日本デジコム_御見積書_E13306.pdf","日本デジコム_御見積書_E13306.pdf","pdf","False","160059","2022-09-21 16:45:55","デジコム","False","","C:\Users\takatoshi-saito\OneDrive\00personal\01_IT\統合\デジコム\見積\日本デジコム_御見積書_E13306.pdf"
"01_IT/統合/デジコム/請求書/【日本デジコム】請求書202301_2_IF026608.pdf","【日本デジコム】請求書202301_2_IF026608.pdf","pdf","False","98474","2023-01-24 19:09:13","デジコム","False","","C:\Users\takatoshi-saito\OneDrive\00personal\01_IT\統合\デジコム\請求書\【日本デジコム】請求書202301_2_IF026608.pdf"
"01_IT/統合/デジコム/請求書/【日本デジコム】請求書202301_IF026599.pdf","【日本デジコム】請求書202301_IF026599.pdf","pdf","False","97354","2023-01-24 13:44:22","デジコム","False","","C:\Users\takatoshi-saito\OneDrive\00personal\01_IT\統合\デジコム\請求書\【日本デジコム】請求書202301_IF026599.pdf"
"01_IT/統合/デジコム/請求書/見積/杏林堂薬局様販促企画システムPh0御見積書.pdf","杏林堂薬局様販促企画システムPh0御見積書.pdf","pdf","False","624573","2022-12-27 19:25:34","デジコム","False","","C:\Users\takatoshi-saito\OneDrive\00personal\01_IT\統合\デジコム\請求書\見積\杏林堂薬局様販促企画システムPh0御見積書.pdf"
"01_IT/統合/デジコム/請求書/見積/御見積書_日本デジコム_E13676.pdf","御見積書_日本デジコム_E13676.pdf","pdf","False","158191","2022-12-28 20:26:50","デジコム","False","","C:\Users\takatoshi-saito\OneDrive\00personal\01_IT\統合\デジコム\請求書\見積\御見積書_日本デジコム_E13676.pdf"
"01_IT/統合/デジコム/要件定義/1_日本リブレイングループ紹介資料_2022年10月.pdf","1_日本リブレイングループ紹介資料_2022年10月.pdf","pdf","False","2956719","2022-10-05 13:47:05","デジコム","False","","C:\Users\takatoshi-saito\OneDrive\00personal\01_IT\統合\デジコム\要件定義\1_日本リブレイングループ紹介資料_2022年10月.pdf"
"01_IT/統合/デジコム/要件定義/2_杏林堂様要件定義キックオフ_1版.pdf","2_杏林堂様要件定義キックオフ_1版.pdf","pdf","False","633207","2022-10-05 13:47:05","デジコム","False","","C:\Users\takatoshi-saito\OneDrive\00personal\01_IT\統合\デジコム\要件定義\2_杏林堂様要件定義キックオフ_1版.pdf"
"01_IT/統合/デジコム/要件定義/3_杏林堂薬局様キックオフ会議議事録_20221004.pdf","3_杏林堂薬局様キックオフ会議議事録_20221004.pdf","pdf","False","536424","2022-10-05 13:47:05","デジコム","False","","C:\Users\takatoshi-saito\OneDrive\00personal\01_IT\統合\デジコム\要件定義\3_杏林堂薬局様キックオフ会議議事録_20221004.pdf"
"01_IT/統合/デジコム/要件定義/4_補足_要件定義検討項目一覧.pdf","4_補足_要件定義検討項目一覧.pdf","pdf","False","325933","2022-10-05 13:47:05","デジコム","False","","C:\Users\takatoshi-saito\OneDrive\00personal\01_IT\統合\デジコム\要件定義\4_補足_要件定義検討項目一覧.pdf"
"01_IT/統合/デジコム/要件定義/5_参考_要件定義.pdf","5_参考_要件定義.pdf","pdf","False","363252","2022-10-05 13:47:05","デジコム","False","","C:\Users\takatoshi-saito\OneDrive\00personal\01_IT\統合\デジコム\要件定義\5_参考_要件定義.pdf"
"01_IT/統合/テナント/【まとめ】新規事業合計（2023年5月期9月度） (1) (2).xlsx","【まとめ】新規事業合計（2023年5月期9月度） (1) (2).xlsx","xlsx","False","4446384","2023-11-01 20:16:50","テナント","False","","C:\Users\takatoshi-saito\OneDrive\00personal\01_IT\統合\テナント\【まとめ】新規事業合計（2023年5月期9月度） (1) (2).xlsx"
"01_IT/統合/マニュアル/0_基幹システム/【基幹系画面】発注上限数登録概要.pdf","【基幹系画面】発注上限数登録概要.pdf","pdf","True","215256","2022-11-22 12:04:26","マニュアル","False","","C:\Users\takatoshi-saito\OneDrive\00personal\01_IT\統合\マニュアル\0_基幹システム\【基幹系画面】発注上限数登録概要.pdf"
"01_IT/統合/マニュアル/0_基幹システム/1_特売登録操作説明【販促編】.pdf","1_特売登録操作説明【販促編】.pdf","pdf","True","1215461","2022-11-22 12:04:26","マニュアル","False","","C:\Users\takatoshi-saito\OneDrive\00personal\01_IT\統合\マニュアル\0_基幹システム\1_特売登録操作説明【販促編】.pdf"
"01_IT/統合/マニュアル/0_基幹システム/2_特売登録操作説明【バイヤー編】.pdf","2_特売登録操作説明【バイヤー編】.pdf","pdf","True","192522","2022-11-22 12:04:26","マニュアル","False","","C:\Users\takatoshi-saito\OneDrive\00personal\01_IT\統合\マニュアル\0_基幹システム\2_特売登録操作説明【バイヤー編】.pdf"
"01_IT/統合/マニュアル/0_基幹システム/3_特売登録操作説明【その他】.pdf","3_特売登録操作説明【その他】.pdf","pdf","True","757525","2022-11-22 12:04:26","マニュアル","False","","C:\Users\takatoshi-saito\OneDrive\00personal\01_IT\統合\マニュアル\0_基幹システム\3_特売登録操作説明【その他】.pdf"
"01_IT/統合/マニュアル/0_基幹システム/5_特売登録操作説明【バンドル関連】.pdf","5_特売登録操作説明【バンドル関連】.pdf","pdf","True","101694","2022-11-22 12:04:26","マニュアル","False","","C:\Users\takatoshi-saito\OneDrive\00personal\01_IT\統合\マニュアル\0_基幹システム\5_特売登録操作説明【バンドル関連】.pdf"
"01_IT/統合/マニュアル/0_基幹システム/キャンペーン登録操作説明【基幹系】.pdf","キャンペーン登録操作説明【基幹系】.pdf","pdf","True","1012504","2022-11-22 12:04:26","マニュアル","False","","C:\Users\takatoshi-saito\OneDrive\00personal\01_IT\統合\マニュアル\0_基幹システム\キャンペーン登録操作説明【基幹系】.pdf"
"01_IT/統合/マニュアル/0_基幹システム/緊急PLU配信指示.pdf","緊急PLU配信指示.pdf","pdf","True","549368","2022-11-22 12:04:26","マニュアル","False","","C:\Users\takatoshi-saito\OneDrive\00personal\01_IT\統合\マニュアル\0_基幹システム\緊急PLU配信指示.pdf"
"01_IT/統合/マニュアル/0_基幹システム/商品入替操作説明(基幹系）.pdf","商品入替操作説明(基幹系）.pdf","pdf","True","885202","2022-11-22 12:04:26","マニュアル","False","","C:\Users\takatoshi-saito\OneDrive\00personal\01_IT\統合\マニュアル\0_基幹システム\商品入替操作説明(基幹系）.pdf"
"01_IT/統合/マニュアル/0_基幹システム/商品入替操作説明(取引先WEBサイト).pdf","商品入替操作説明(取引先WEBサイト).pdf","pdf","True","527138","2022-11-22 12:04:26","マニュアル","False","","C:\Users\takatoshi-saito\OneDrive\00personal\01_IT\統合\マニュアル\0_基幹システム\商品入替操作説明(取引先WEBサイト).pdf"
"01_IT/統合/マニュアル/0_基幹システム/新基幹系_新機能変更点の説明.pdf","新基幹系_新機能変更点の説明.pdf","pdf","True","391445","2022-11-22 12:04:26","マニュアル","False","","C:\Users\takatoshi-saito\OneDrive\00personal\01_IT\統合\マニュアル\0_基幹システム\新基幹系_新機能変更点の説明.pdf"
"01_IT/統合/マニュアル/0_基幹システム/新基幹系_操作ﾏﾆｭｱﾙ（ダイジェスト版）.pdf","新基幹系_操作ﾏﾆｭｱﾙ（ダイジェスト版）.pdf","pdf","True","2921552","2022-11-22 12:04:26","マニュアル","False","","C:\Users\takatoshi-saito\OneDrive\00personal\01_IT\統合\マニュアル\0_基幹システム\新基幹系_操作ﾏﾆｭｱﾙ（ダイジェスト版）.pdf"
"01_IT/統合/マニュアル/0_基幹システム/新基幹系伝票検収操作説明.pdf","新基幹系伝票検収操作説明.pdf","pdf","True","766457","2022-11-22 12:04:26","マニュアル","False","","C:\Users\takatoshi-saito\OneDrive\00personal\01_IT\統合\マニュアル\0_基幹システム\新基幹系伝票検収操作説明.pdf"
"01_IT/統合/マニュアル/0_基幹システム/特売POP・品目一括出力機能追加.pdf","特売POP・品目一括出力機能追加.pdf","pdf","True","457096","2022-11-22 12:04:26","マニュアル","True","POP素材","C:\Users\takatoshi-saito\OneDrive\00personal\01_IT\統合\マニュアル\0_基幹システム\特売POP・品目一括出力機能追加.pdf"
"01_IT/統合/マニュアル/1_POS/（調剤作成）ツルハHD様_POS操作マニュアル_基本編_v4.0.0.pdf","（調剤作成）ツルハHD様_POS操作マニュアル_基本編_v4.0.0.pdf","pdf","True","4466530","2022-11-14 10:09:53","マニュアル","False","","C:\Users\takatoshi-saito\OneDrive\00personal\01_IT\統合\マニュアル\1_POS\（調剤作成）ツルハHD様_POS操作マニュアル_基本編_v4.0.0.pdf"
"01_IT/統合/マニュアル/1_POS/【杏林堂様】PINレス対応（KID）対応表_20210907.xlsx","【杏林堂様】PINレス対応（KID）対応表_20210907.xlsx","xlsx","True","17417","2023-03-10 20:06:13","マニュアル","False","","C:\Users\takatoshi-saito\OneDrive\00personal\01_IT\統合\マニュアル\1_POS\【杏林堂様】PINレス対応（KID）対応表_20210907.xlsx"
"01_IT/統合/マニュアル/1_POS/0_POS　セルフ・セミセルフ/221205_②レジ締め.pdf","221205_②レジ締め.pdf","pdf","True","439888","2022-12-06 17:50:54","マニュアル","False","","C:\Users\takatoshi-saito\OneDrive\00personal\01_IT\統合\マニュアル\1_POS\0_POS　セルフ・セミセルフ\221205_②レジ締め.pdf"
"01_IT/統合/マニュアル/1_POS/0_POS　セルフ・セミセルフ/221205_③レジ日報作成.pdf","221205_③レジ日報作成.pdf","pdf","True","2857896","2022-12-06 17:51:00","マニュアル","False","","C:\Users\takatoshi-saito\OneDrive\00personal\01_IT\統合\マニュアル\1_POS\0_POS　セルフ・セミセルフ\221205_③レジ日報作成.pdf"
"01_IT/統合/マニュアル/1_POS/0_POS　セルフ・セミセルフ/セミセルフ・チャージ機マニュアル (1).pdf","セミセルフ・チャージ機マニュアル (1).pdf","pdf","True","4052274","2022-12-06 17:15:20","マニュアル","False","","C:\Users\takatoshi-saito\OneDrive\00personal\01_IT\統合\マニュアル\1_POS\0_POS　セルフ・セミセルフ\セミセルフ・チャージ機マニュアル (1).pdf"
"01_IT/統合/マニュアル/1_POS/0_POS　セルフ・セミセルフ/セミセルフレジ関連改訂.pdf","セミセルフレジ関連改訂.pdf","pdf","True","13415158","2022-12-06 17:15:24","マニュアル","False","","C:\Users\takatoshi-saito\OneDrive\00personal\01_IT\統合\マニュアル\1_POS\0_POS　セルフ・セミセルフ\セミセルフレジ関連改訂.pdf"
"01_IT/統合/マニュアル/1_POS/0_POS　セルフ・セミセルフ/管理者用/Excel/0401レジ環境（広域障害～計画停電まで変更）.xlsx","0401レジ環境（広域障害～計画停電まで変更）.xlsx","xlsx","True","44139324","2022-11-22 12:27:47","マニュアル","False","","C:\Users\takatoshi-saito\OneDrive\00personal\01_IT\統合\マニュアル\1_POS\0_POS　セルフ・セミセルフ\管理者用\Excel\0401レジ環境（広域障害～計画停電まで変更）.xlsx"
"01_IT/統合/マニュアル/1_POS/0_POS　セルフ・セミセルフ/管理者用/Excel/0403点検・精算（両替票使用手順～万券回収変更）.xlsx","0403点検・精算（両替票使用手順～万券回収変更）.xlsx","xlsx","True","15527587","2022-11-22 12:27:48","マニュアル","False","","C:\Users\takatoshi-saito\OneDrive\00personal\01_IT\統合\マニュアル\1_POS\0_POS　セルフ・セミセルフ\管理者用\Excel\0403点検・精算（両替票使用手順～万券回収変更）.xlsx"
"01_IT/統合/マニュアル/1_POS/0_POS　セルフ・セミセルフ/管理者用/Excel/0405セミセルフレジ.xlsx","0405セミセルフレジ.xlsx","xlsx","True","38111455","2022-11-22 12:27:49","マニュアル","False","","C:\Users\takatoshi-saito\OneDrive\00personal\01_IT\統合\マニュアル\1_POS\0_POS　セルフ・セミセルフ\管理者用\Excel\0405セミセルフレジ.xlsx"
"01_IT/統合/マニュアル/1_POS/0_POS　セルフ・セミセルフ/管理者用/Excel/0902設備・備品（鍵の管理のみ変更）.xlsx","0902設備・備品（鍵の管理のみ変更）.xlsx","xlsx","True","12840605","2022-11-22 12:27:49","マニュアル","False","","C:\Users\takatoshi-saito\OneDrive\00personal\01_IT\統合\マニュアル\1_POS\0_POS　セルフ・セミセルフ\管理者用\Excel\0902設備・備品（鍵の管理のみ変更）.xlsx"
"01_IT/統合/マニュアル/1_POS/0_POS　セルフ・セミセルフ/管理者用/Excel/0903掲示物（長期レジ付近のみ変更）.xlsx","0903掲示物（長期レジ付近のみ変更）.xlsx","xlsx","True","63793289","2022-11-22 12:27:50","マニュアル","False","","C:\Users\takatoshi-saito\OneDrive\00personal\01_IT\統合\マニュアル\1_POS\0_POS　セルフ・セミセルフ\管理者用\Excel\0903掲示物（長期レジ付近のみ変更）.xlsx"
"01_IT/統合/マニュアル/1_POS/0_POS　セルフ・セミセルフ/管理者用/PDF/0401レジ環境.pdf","0401レジ環境.pdf","pdf","True","11372604","2022-11-22 12:27:51","マニュアル","False","","C:\Users\takatoshi-saito\OneDrive\00personal\01_IT\統合\マニュアル\1_POS\0_POS　セルフ・セミセルフ\管理者用\PDF\0401レジ環境.pdf"
"01_IT/統合/マニュアル/1_POS/0_POS　セルフ・セミセルフ/管理者用/PDF/0403点検・精算.pdf","0403点検・精算.pdf","pdf","True","7238940","2022-11-22 12:27:51","マニュアル","False","","C:\Users\takatoshi-saito\OneDrive\00personal\01_IT\統合\マニュアル\1_POS\0_POS　セルフ・セミセルフ\管理者用\PDF\0403点検・精算.pdf"
"01_IT/統合/マニュアル/1_POS/0_POS　セルフ・セミセルフ/管理者用/PDF/0405セミセルフレジ.pdf","0405セミセルフレジ.pdf","pdf","True","10875285","2022-11-22 12:27:51","マニュアル","False","","C:\Users\takatoshi-saito\OneDrive\00personal\01_IT\統合\マニュアル\1_POS\0_POS　セルフ・セミセルフ\管理者用\PDF\0405セミセルフレジ.pdf"
"01_IT/統合/マニュアル/1_POS/0_POS　セルフ・セミセルフ/管理者用/PDF/0902設備・備品（鍵の管理のみ変更）.pdf","0902設備・備品（鍵の管理のみ変更）.pdf","pdf","True","920974","2022-11-22 12:27:51","マニュアル","False","","C:\Users\takatoshi-saito\OneDrive\00personal\01_IT\統合\マニュアル\1_POS\0_POS　セルフ・セミセルフ\管理者用\PDF\0902設備・備品（鍵の管理のみ変更）.pdf"
"01_IT/統合/マニュアル/1_POS/0_POS　セルフ・セミセルフ/管理者用/PDF/0903掲示物　.pdf","0903掲示物　.pdf","pdf","True","4168848","2022-11-22 12:27:52","マニュアル","False","","C:\Users\takatoshi-saito\OneDrive\00personal\01_IT\統合\マニュアル\1_POS\0_POS　セルフ・セミセルフ\管理者用\PDF\0903掲示物　.pdf"
"01_IT/統合/マニュアル/1_POS/0_POS　セルフ・セミセルフ/管理者用/セミセルフレジ関連改訂.xlsx","セミセルフレジ関連改訂.xlsx","xlsx","True","49375695","2022-11-22 12:27:46","マニュアル","False","","C:\Users\takatoshi-saito\OneDrive\00personal\01_IT\統合\マニュアル\1_POS\0_POS　セルフ・セミセルフ\管理者用\セミセルフレジ関連改訂.xlsx"
"01_IT/統合/マニュアル/1_POS/0_POS　セルフ・セミセルフ/管理者用/目次2022.11.16（セミセルフ）.xlsx","目次2022.11.16（セミセルフ）.xlsx","xlsx","True","2254424","2022-11-22 12:27:46","マニュアル","False","","C:\Users\takatoshi-saito\OneDrive\00personal\01_IT\統合\マニュアル\1_POS\0_POS　セルフ・セミセルフ\管理者用\目次2022.11.16（セミセルフ）.xlsx"
"01_IT/統合/マニュアル/1_POS/0_POS　セルフ・セミセルフ/店舗用/セミセルフPOP.xlsx","セミセルフPOP.xlsx","xlsx","True","474183","2022-11-22 12:27:40","マニュアル","False","","C:\Users\takatoshi-saito\OneDrive\00personal\01_IT\統合\マニュアル\1_POS\0_POS　セルフ・セミセルフ\店舗用\セミセルフPOP.xlsx"
"01_IT/統合/マニュアル/1_POS/0_POS　セルフ・セミセルフ/店舗用/セミセルフレジ関連改訂.pdf","セミセルフレジ関連改訂.pdf","pdf","True","13415158","2022-11-22 12:27:40","マニュアル","False","","C:\Users\takatoshi-saito\OneDrive\00personal\01_IT\統合\マニュアル\1_POS\0_POS　セルフ・セミセルフ\店舗用\セミセルフレジ関連改訂.pdf"
"01_IT/統合/マニュアル/1_POS/04-01-01～04-07-01ツルハマニュアル抜粋.pdf","04-01-01～04-07-01ツルハマニュアル抜粋.pdf","pdf","True","5953964","2022-11-09 11:22:44","マニュアル","False","","C:\Users\takatoshi-saito\OneDrive\00personal\01_IT\統合\マニュアル\1_POS\04-01-01～04-07-01ツルハマニュアル抜粋.pdf"
"01_IT/統合/マニュアル/1_POS/0杏林堂CS推進部作成/【運用ガイドライン】RetailForce（共有アカウント・トレーニング操作編）_221220 (1).pdf","【運用ガイドライン】RetailForce（共有アカウント・トレーニング操作編）_221220 (1).pdf","pdf","True","1422757","2022-12-30 13:47:21","マニュアル","False","","C:\Users\takatoshi-saito\OneDrive\00personal\01_IT\統合\マニュアル\1_POS\0杏林堂CS推進部作成\【運用ガイドライン】RetailForce（共有アカウント・トレーニング操作編）_221220 (1).pdf"
"01_IT/統合/マニュアル/1_POS/0杏林堂CS推進部作成/【新POS】 リテールフォースログインQR.pdf","【新POS】 リテールフォースログインQR.pdf","pdf","True","501502","2022-12-30 13:47:29","マニュアル","False","","C:\Users\takatoshi-saito\OneDrive\00personal\01_IT\統合\マニュアル\1_POS\0杏林堂CS推進部作成\【新POS】 リテールフォースログインQR.pdf"
"01_IT/統合/マニュアル/1_POS/0杏林堂CS推進部作成/【新POS】レジ操作クイックリファレンス（20221228）.pdf","【新POS】レジ操作クイックリファレンス（20221228）.pdf","pdf","True","1182362","2022-12-30 13:47:25","マニュアル","False","","C:\Users\takatoshi-saito\OneDrive\00personal\01_IT\統合\マニュアル\1_POS\0杏林堂CS推進部作成\【新POS】レジ操作クイックリファレンス（20221228）.pdf"
"01_IT/統合/マニュアル/1_POS/0杏林堂CS推進部作成/【新POS】説明資料.pdf","【新POS】説明資料.pdf","pdf","True","2502482","2022-12-30 13:47:23","マニュアル","False","","C:\Users\takatoshi-saito\OneDrive\00personal\01_IT\統合\マニュアル\1_POS\0杏林堂CS推進部作成\【新POS】説明資料.pdf"
"01_IT/統合/マニュアル/1_POS/0商品券/10商品券一覧(キッコーマン・ヤマサ・コカコーラ・キリンレモン・伊藤ハム・プリマハム)_0.pdf","10商品券一覧(キッコーマン・ヤマサ・コカコーラ・キリンレモン・伊藤ハム・プリマハム)_0.pdf","pdf","True","474339","2023-01-03 08:02:13","マニュアル","False","","C:\Users\takatoshi-saito\OneDrive\00personal\01_IT\統合\マニュアル\1_POS\0商品券\10商品券一覧(キッコーマン・ヤマサ・コカコーラ・キリンレモン・伊藤ハム・プリマハム)_0.pdf"
"01_IT/統合/マニュアル/1_POS/0商品券/11商品券一覧(キッコーマン・ヤマサ・コカコーラ・キリンレモン・伊藤ハム・プリマハム)_0.pdf","11商品券一覧(キッコーマン・ヤマサ・コカコーラ・キリンレモン・伊藤ハム・プリマハム)_0.pdf","pdf","True","88108","2023-01-03 08:02:13","マニュアル","False","","C:\Users\takatoshi-saito\OneDrive\00personal\01_IT\統合\マニュアル\1_POS\0商品券\11商品券一覧(キッコーマン・ヤマサ・コカコーラ・キリンレモン・伊藤ハム・プリマハム)_0.pdf"
"01_IT/統合/マニュアル/1_POS/0商品券/12商品券一覧(ハーゲンダッツ・リーベンデール).pdf","12商品券一覧(ハーゲンダッツ・リーベンデール).pdf","pdf","True","493891","2023-01-03 08:02:13","マニュアル","False","","C:\Users\takatoshi-saito\OneDrive\00personal\01_IT\統合\マニュアル\1_POS\0商品券\12商品券一覧(ハーゲンダッツ・リーベンデール).pdf"
"01_IT/統合/マニュアル/1_POS/0商品券/13商品券一覧(ハーゲンダッツ・リーベンデール).pdf","13商品券一覧(ハーゲンダッツ・リーベンデール).pdf","pdf","True","349885","2023-01-03 08:02:13","マニュアル","False","","C:\Users\takatoshi-saito\OneDrive\00personal\01_IT\統合\マニュアル\1_POS\0商品券\13商品券一覧(ハーゲンダッツ・リーベンデール).pdf"
"01_IT/統合/マニュアル/1_POS/0商品券/14新商品券一覧(雪印・雪印バター・雪印チーズ)2022.11.22.pdf","14新商品券一覧(雪印・雪印バター・雪印チーズ)2022.11.22.pdf","pdf","True","324049","2023-01-03 08:02:13","マニュアル","False","","C:\Users\takatoshi-saito\OneDrive\00personal\01_IT\統合\マニュアル\1_POS\0商品券\14新商品券一覧(雪印・雪印バター・雪印チーズ)2022.11.22.pdf"
"01_IT/統合/マニュアル/1_POS/0商品券/15新商品券一覧(雪印・雪印バター・雪印チーズ・森永).pdf","15新商品券一覧(雪印・雪印バター・雪印チーズ・森永).pdf","pdf","True","87465","2023-01-03 08:02:13","マニュアル","False","","C:\Users\takatoshi-saito\OneDrive\00personal\01_IT\統合\マニュアル\1_POS\0商品券\15新商品券一覧(雪印・雪印バター・雪印チーズ・森永).pdf"
"01_IT/統合/マニュアル/1_POS/0商品券/16商品券一覧(明治)2022.11.29.pdf","16商品券一覧(明治)2022.11.29.pdf","pdf","True","324498","2023-01-03 08:02:13","マニュアル","False","","C:\Users\takatoshi-saito\OneDrive\00personal\01_IT\統合\マニュアル\1_POS\0商品券\16商品券一覧(明治)2022.11.29.pdf"
"01_IT/統合/マニュアル/1_POS/0商品券/17商品券一覧(酒・米).pdf","17商品券一覧(酒・米).pdf","pdf","True","206321","2023-01-03 08:02:13","マニュアル","False","","C:\Users\takatoshi-saito\OneDrive\00personal\01_IT\統合\マニュアル\1_POS\0商品券\17商品券一覧(酒・米).pdf"
"01_IT/統合/マニュアル/1_POS/0商品券/9商品券取扱一覧(こども商品券)_0.pdf","9商品券取扱一覧(こども商品券)_0.pdf","pdf","True","188501","2023-01-03 08:02:13","マニュアル","False","","C:\Users\takatoshi-saito\OneDrive\00personal\01_IT\統合\マニュアル\1_POS\0商品券\9商品券取扱一覧(こども商品券)_0.pdf"
"01_IT/統合/マニュアル/1_POS/230123-ポイント倍率計算方法.xlsx","230123-ポイント倍率計算方法.xlsx","xlsx","True","19232","2023-01-23 12:27:47","マニュアル","False","","C:\Users\takatoshi-saito\OneDrive\00personal\01_IT\統合\マニュアル\1_POS\230123-ポイント倍率計算方法.xlsx"
"01_IT/統合/マニュアル/1_POS/3-8. 【精算】杏林堂薬局売上取込.pdf","3-8. 【精算】杏林堂薬局売上取込.pdf","pdf","True","4446586","2023-04-25 19:08:25","マニュアル","False","","C:\Users\takatoshi-saito\OneDrive\00personal\01_IT\統合\マニュアル\1_POS\3-8. 【精算】杏林堂薬局売上取込.pdf"
"01_IT/統合/マニュアル/1_POS/お誕生日クーポン.txt","お誕生日クーポン.txt","txt","True","363","2023-03-20 08:46:01","マニュアル","False","","C:\Users\takatoshi-saito\OneDrive\00personal\01_IT\統合\マニュアル\1_POS\お誕生日クーポン.txt"
"01_IT/統合/マニュアル/1_POS/ニコピ返品.pptx","ニコピ返品.pptx","pptx","True","567026","2023-03-08 09:01:10","マニュアル","False","","C:\Users\takatoshi-saito\OneDrive\00personal\01_IT\統合\マニュアル\1_POS\ニコピ返品.pptx"
"01_IT/統合/マニュアル/1_POS/商品マスタ無しの取引を含む売上の取込について.xlsx","商品マスタ無しの取引を含む売上の取込について.xlsx","xlsx","True","1511327","2023-03-20 09:26:04","マニュアル","False","","C:\Users\takatoshi-saito\OneDrive\00personal\01_IT\統合\マニュアル\1_POS\商品マスタ無しの取引を含む売上の取込について.xlsx"
"01_IT/統合/マニュアル/1_POS/精算の現金過不足の計算.xlsx","精算の現金過不足の計算.xlsx","xlsx","True","1061929","2023-01-24 08:05:35","マニュアル","False","","C:\Users\takatoshi-saito\OneDrive\00personal\01_IT\統合\マニュアル\1_POS\精算の現金過不足の計算.xlsx"
"01_IT/統合/マニュアル/1_POS/代引き.txt","代引き.txt","txt","True","90","2023-02-01 10:10:24","マニュアル","False","","C:\Users\takatoshi-saito\OneDrive\00personal\01_IT\統合\マニュアル\1_POS\代引き.txt"
"01_IT/統合/マニュアル/1_POS/釣銭準備金の借入と返却.pdf","釣銭準備金の借入と返却.pdf","pdf","True","511731","2023-02-27 18:00:45","マニュアル","False","","C:\Users\takatoshi-saito\OneDrive\00personal\01_IT\統合\マニュアル\1_POS\釣銭準備金の借入と返却.pdf"
"01_IT/統合/マニュアル/2_BOメニュー/ツルハHD様_BO操作マニュアル_v4.0.1 (1).pdf","ツルハHD様_BO操作マニュアル_v4.0.1 (1).pdf","pdf","True","4636825","2022-12-06 17:10:42","マニュアル","False","","C:\Users\takatoshi-saito\OneDrive\00personal\01_IT\統合\マニュアル\2_BOメニュー\ツルハHD様_BO操作マニュアル_v4.0.1 (1).pdf"
"01_IT/統合/マニュアル/3_POSメニュー/QRクーポンポイントの項目追加.xlsx","QRクーポンポイントの項目追加.xlsx","xlsx","True","104201","2023-02-11 14:26:41","マニュアル","False","","C:\Users\takatoshi-saito\OneDrive\00personal\01_IT\統合\マニュアル\3_POSメニュー\QRクーポンポイントの項目追加.xlsx"
"01_IT/統合/マニュアル/3_POSメニュー/操作説明書/2-1. 【売上】単品別売上状況.pdf","2-1. 【売上】単品別売上状況.pdf","pdf","False","1544116","2021-11-30 15:25:02","マニュアル","False","","C:\Users\takatoshi-saito\OneDrive\00personal\01_IT\統合\マニュアル\3_POSメニュー\操作説明書\2-1. 【売上】単品別売上状況.pdf"
"01_IT/統合/マニュアル/3_POSメニュー/操作説明書/2-2. 【売上】30分類別売上状況.pdf","2-2. 【売上】30分類別売上状況.pdf","pdf","True","1139814","2021-11-30 15:25:01","マニュアル","False","","C:\Users\takatoshi-saito\OneDrive\00personal\01_IT\統合\マニュアル\3_POSメニュー\操作説明書\2-2. 【売上】30分類別売上状況.pdf"
"01_IT/統合/マニュアル/3_POSメニュー/操作説明書/2-5. 【売上】中分類別売上状況.pdf","2-5. 【売上】中分類別売上状況.pdf","pdf","True","1110616","2021-11-30 15:25:02","マニュアル","False","","C:\Users\takatoshi-saito\OneDrive\00personal\01_IT\統合\マニュアル\3_POSメニュー\操作説明書\2-5. 【売上】中分類別売上状況.pdf"
"01_IT/統合/マニュアル/3_POSメニュー/操作説明書/4-1. 【ポイント】顧客ポイント変更データ入力.pdf","4-1. 【ポイント】顧客ポイント変更データ入力.pdf","pdf","True","2712765","2021-11-30 15:25:02","マニュアル","False","","C:\Users\takatoshi-saito\OneDrive\00personal\01_IT\統合\マニュアル\3_POSメニュー\操作説明書\4-1. 【ポイント】顧客ポイント変更データ入力.pdf"
"01_IT/統合/マニュアル/3_POSメニュー/操作説明書/4-2. 【ポイント】カード統合操作履歴検索.pdf","4-2. 【ポイント】カード統合操作履歴検索.pdf","pdf","True","1222150","2021-11-30 15:25:02","マニュアル","False","","C:\Users\takatoshi-saito\OneDrive\00personal\01_IT\統合\マニュアル\3_POSメニュー\操作説明書\4-2. 【ポイント】カード統合操作履歴検索.pdf"
"01_IT/統合/マニュアル/3_POSメニュー/操作説明書/5-2. 【メンテナンス】店舗指示売価照会・変更.pdf","5-2. 【メンテナンス】店舗指示売価照会・変更.pdf","pdf","True","3103016","2021-11-30 15:25:02","マニュアル","False","","C:\Users\takatoshi-saito\OneDrive\00personal\01_IT\統合\マニュアル\3_POSメニュー\操作説明書\5-2. 【メンテナンス】店舗指示売価照会・変更.pdf"
"01_IT/統合/マニュアル/3_POSメニュー/操作説明書/5-3. 【メンテナンス】POS売価変更データ作成.pdf","5-3. 【メンテナンス】POS売価変更データ作成.pdf","pdf","True","967968","2021-11-30 15:25:02","マニュアル","False","","C:\Users\takatoshi-saito\OneDrive\00personal\01_IT\統合\マニュアル\3_POSメニュー\操作説明書\5-3. 【メンテナンス】POS売価変更データ作成.pdf"
"01_IT/統合/マニュアル/3_POSメニュー/操作説明書/6-1. 【設定】店舗連絡事項登録.pdf","6-1. 【設定】店舗連絡事項登録.pdf","pdf","True","1876299","2021-11-30 15:25:02","マニュアル","False","","C:\Users\takatoshi-saito\OneDrive\00personal\01_IT\統合\マニュアル\3_POSメニュー\操作説明書\6-1. 【設定】店舗連絡事項登録.pdf"
"01_IT/統合/マニュアル/3_POSメニュー/操作説明書/7-1. 【その他】各種帳票出力.pdf","7-1. 【その他】各種帳票出力.pdf","pdf","True","3844053","2021-11-30 15:25:02","マニュアル","False","","C:\Users\takatoshi-saito\OneDrive\00personal\01_IT\統合\マニュアル\3_POSメニュー\操作説明書\7-1. 【その他】各種帳票出力.pdf"
"01_IT/統合/マニュアル/4_EOSメニュー/店舗クラウド EOSメニュー説明資料.pptx","店舗クラウド EOSメニュー説明資料.pptx","pptx","False","31337618","2022-12-19 14:48:59","マニュアル","False","","C:\Users\takatoshi-saito\OneDrive\00personal\01_IT\統合\マニュアル\4_EOSメニュー\店舗クラウド EOSメニュー説明資料.pptx"
"01_IT/統合/マニュアル/5_BHT/2016-04-28POTレジ機能追加対応_操作説明書.pdf","2016-04-28POTレジ機能追加対応_操作説明書.pdf","pdf","True","1206441","2022-09-20 08:58:26","マニュアル","False","","C:\Users\takatoshi-saito\OneDrive\00personal\01_IT\統合\マニュアル\5_BHT\2016-04-28POTレジ機能追加対応_操作説明書.pdf"
"01_IT/統合/マニュアル/5_BHT/ＨＴ（Ｗｅｂ）操作説明書（3.0版20131001）-2.pdf","ＨＴ（Ｗｅｂ）操作説明書（3.0版20131001）-2.pdf","pdf","True","1453706","2022-09-20 08:58:28","マニュアル","False","","C:\Users\takatoshi-saito\OneDrive\00personal\01_IT\統合\マニュアル\5_BHT\ＨＴ（Ｗｅｂ）操作説明書（3.0版20131001）-2.pdf"
"01_IT/統合/マニュアル/5_BHT/POT機能一覧.pptx","POT機能一覧.pptx","pptx","True","1438487","2023-01-12 18:52:14","マニュアル","False","","C:\Users\takatoshi-saito\OneDrive\00personal\01_IT\統合\マニュアル\5_BHT\POT機能一覧.pptx"
"01_IT/統合/マニュアル/6_ポイントタブレット/(2022.08更新)　ポイントカード 受付（新規）.pdf","(2022.08更新)　ポイントカード 受付（新規）.pdf","pdf","True","3429338","2022-09-20 09:26:24","マニュアル","False","","C:\Users\takatoshi-saito\OneDrive\00personal\01_IT\統合\マニュアル\6_ポイントタブレット\(2022.08更新)　ポイントカード 受付（新規）.pdf"
"01_IT/統合/マニュアル/6_ポイントタブレット/【見本】シニアの身分証　タブレット貼付け箇所.PDF","【見本】シニアの身分証　タブレット貼付け箇所.PDF","pdf","True","1528708","2022-09-20 09:26:30","マニュアル","False","","C:\Users\takatoshi-saito\OneDrive\00personal\01_IT\統合\マニュアル\6_ポイントタブレット\【見本】シニアの身分証　タブレット貼付け箇所.PDF"
"01_IT/統合/マニュアル/6_ポイントタブレット/202208レジ用語一覧(A3).pdf","202208レジ用語一覧(A3).pdf","pdf","True","99493","2022-09-20 09:26:26","マニュアル","False","","C:\Users\takatoshi-saito\OneDrive\00personal\01_IT\統合\マニュアル\6_ポイントタブレット\202208レジ用語一覧(A3).pdf"
"01_IT/統合/マニュアル/6_ポイントタブレット/nicopi特徴 説明事項.pdf","nicopi特徴 説明事項.pdf","pdf","True","669194","2022-09-20 09:26:24","マニュアル","False","","C:\Users\takatoshi-saito\OneDrive\00personal\01_IT\統合\マニュアル\6_ポイントタブレット\nicopi特徴 説明事項.pdf"
"01_IT/統合/マニュアル/6_ポイントタブレット/シニア　身分証の確認方法（タブレット貼付）_01.PDF","シニア　身分証の確認方法（タブレット貼付）_01.PDF","pdf","True","838491","2022-09-20 09:26:28","マニュアル","False","","C:\Users\takatoshi-saito\OneDrive\00personal\01_IT\統合\マニュアル\6_ポイントタブレット\シニア　身分証の確認方法（タブレット貼付）_01.PDF"
"01_IT/統合/楽天サーバー入替/20230330/【ツルハHD様】中継SV切替システム分科会キックオフ.pptx","【ツルハHD様】中継SV切替システム分科会キックオフ.pptx","pptx","False","410256","2023-03-30 13:26:03","楽天サーバー入替","False","","C:\Users\takatoshi-saito\OneDrive\00personal\01_IT\統合\楽天サーバー入替\20230330\【ツルハHD様】中継SV切替システム分科会キックオフ.pptx"
"01_IT/統合/楽天サーバー入替/20230330/【ツルハHD様】中継SV切替スケジュール・課題‗20230323.xlsx","【ツルハHD様】中継SV切替スケジュール・課題‗20230323.xlsx","xlsx","False","127410","2023-03-30 13:26:03","楽天サーバー入替","False","","C:\Users\takatoshi-saito\OneDrive\00personal\01_IT\統合\楽天サーバー入替\20230330\【ツルハHD様】中継SV切替スケジュール・課題‗20230323.xlsx"
"01_IT/統合/楽天サーバー入替/20230330/【ツルハHD様】中継SV切替方式について.pptx","【ツルハHD様】中継SV切替方式について.pptx","pptx","False","279823","2023-03-30 13:26:03","楽天サーバー入替","False","","C:\Users\takatoshi-saito\OneDrive\00personal\01_IT\統合\楽天サーバー入替\20230330\【ツルハHD様】中継SV切替方式について.pptx"
"01_IT/統合/楽天サーバー入替/20230526/【ツルハHD様】システム分科会（中継SV切替）‗20230526.pptx","【ツルハHD様】システム分科会（中継SV切替）‗20230526.pptx","pptx","False","196231","2023-05-26 08:02:05","楽天サーバー入替","False","","C:\Users\takatoshi-saito\OneDrive\00personal\01_IT\統合\楽天サーバー入替\20230526\【ツルハHD様】システム分科会（中継SV切替）‗20230526.pptx"
"01_IT/統合/楽天サーバー入替/20230526/【ツルハHD様】切替時確認観点チェック表_20230526.xlsx","【ツルハHD様】切替時確認観点チェック表_20230526.xlsx","xlsx","False","25106","2023-05-26 08:02:05","楽天サーバー入替","False","","C:\Users\takatoshi-saito\OneDrive\00personal\01_IT\統合\楽天サーバー入替\20230526\【ツルハHD様】切替時確認観点チェック表_20230526.xlsx"
"01_IT/統合/楽天サーバー入替/20230526/【ツルハHD様】中継SV切替方式について_20230525.pptx","【ツルハHD様】中継SV切替方式について_20230525.pptx","pptx","False","326332","2023-05-26 08:02:05","楽天サーバー入替","False","","C:\Users\takatoshi-saito\OneDrive\00personal\01_IT\統合\楽天サーバー入替\20230526\【ツルハHD様】中継SV切替方式について_20230525.pptx"
"01_IT/統合/楽天サーバー入替/20230526/POS(VINX様)/【ツルハHD(中継SV切替対応)様】POS(VINX様)_シナリオテスト_エビデンス一覧_20230302_ver1.0.xlsx","【ツルハHD(中継SV切替対応)様】POS(VINX様)_シナリオテスト_エビデンス一覧_20230302_ver1.0.xlsx","xlsx","True","39247","2023-05-26 08:02:04","楽天サーバー入替","False","","C:\Users\takatoshi-saito\OneDrive\00personal\01_IT\統合\楽天サーバー入替\20230526\POS(VINX様)\【ツルハHD(中継SV切替対応)様】POS(VINX様)_シナリオテスト_エビデンス一覧_20230302_ver1.0.xlsx"
"01_IT/統合/楽天サーバー入替/20230526/POS(VINX様)/【ツルハHD(中継SV切替対応)様】POS(VINX様)_シナリオテスト_実施手順_20230301_ver1.0.xlsx","【ツルハHD(中継SV切替対応)様】POS(VINX様)_シナリオテスト_実施手順_20230301_ver1.0.xlsx","xlsx","False","476843","2023-05-26 08:02:04","楽天サーバー入替","False","","C:\Users\takatoshi-saito\OneDrive\00personal\01_IT\統合\楽天サーバー入替\20230526\POS(VINX様)\【ツルハHD(中継SV切替対応)様】POS(VINX様)_シナリオテスト_実施手順_20230301_ver1.0.xlsx"
"01_IT/統合/楽天サーバー入替/20230526/POS(VINX様)/【ツルハHD(中継SV切替対応)様】POS(VINX様)_シナリオテスト_進捗報告_20230302_ver1.0.xlsx","【ツルハHD(中継SV切替対応)様】POS(VINX様)_シナリオテスト_進捗報告_20230302_ver1.0.xlsx","xlsx","False","46092","2023-05-26 08:02:04","楽天サーバー入替","False","","C:\Users\takatoshi-saito\OneDrive\00personal\01_IT\統合\楽天サーバー入替\20230526\POS(VINX様)\【ツルハHD(中継SV切替対応)様】POS(VINX様)_シナリオテスト_進捗報告_20230302_ver1.0.xlsx"
"01_IT/統合/楽天サーバー入替/20230526/POS(東芝テック様)/【ツルハHD(中継SV切替対応)様】POS(東芝テック様)_シナリオテスト_エビデンス一覧_20230302_ver1.0.xlsx","【ツルハHD(中継SV切替対応)様】POS(東芝テック様)_シナリオテスト_エビデンス一覧_20230302_ver1.0.xlsx","xlsx","True","39259","2023-05-26 08:02:05","楽天サーバー入替","False","","C:\Users\takatoshi-saito\OneDrive\00personal\01_IT\統合\楽天サーバー入替\20230526\POS(東芝テック様)\【ツルハHD(中継SV切替対応)様】POS(東芝テック様)_シナリオテスト_エビデンス一覧_20230302_ver1.0.xlsx"
"01_IT/統合/楽天サーバー入替/20230526/POS(東芝テック様)/【ツルハHD(中継SV切替対応)様】POS(東芝テック様)_シナリオテスト_実施手順_20230301_ver1.0.xlsx","【ツルハHD(中継SV切替対応)様】POS(東芝テック様)_シナリオテスト_実施手順_20230301_ver1.0.xlsx","xlsx","False","463736","2023-05-26 08:02:05","楽天サーバー入替","False","","C:\Users\takatoshi-saito\OneDrive\00personal\01_IT\統合\楽天サーバー入替\20230526\POS(東芝テック様)\【ツルハHD(中継SV切替対応)様】POS(東芝テック様)_シナリオテスト_実施手順_20230301_ver1.0.xlsx"
"01_IT/統合/楽天サーバー入替/20230526/POS(東芝テック様)/【ツルハHD(中継SV切替対応)様】POS(東芝テック様)_シナリオテスト_進捗報告_20230302_ver1.0.xlsx","【ツルハHD(中継SV切替対応)様】POS(東芝テック様)_シナリオテスト_進捗報告_20230302_ver1.0.xlsx","xlsx","False","46089","2023-05-26 08:02:05","楽天サーバー入替","False","","C:\Users\takatoshi-saito\OneDrive\00personal\01_IT\統合\楽天サーバー入替\20230526\POS(東芝テック様)\【ツルハHD(中継SV切替対応)様】POS(東芝テック様)_シナリオテスト_進捗報告_20230302_ver1.0.xlsx"
"01_IT/統合/受入テスト/フェーズ2_5受入テスト/【杏林堂】受入テストスケジュール.xlsx","【杏林堂】受入テストスケジュール.xlsx","xlsx","False","25411","2023-01-08 14:56:55","受入テスト","False","","C:\Users\takatoshi-saito\OneDrive\00personal\01_IT\統合\受入テスト\フェーズ2_5受入テスト\【杏林堂】受入テストスケジュール.xlsx"
"01_IT/統合/受入テスト/フェーズ2_5受入テスト/★インシデント管理/230113-杏林堂受入テストチェック項目.xlsx","230113-杏林堂受入テストチェック項目.xlsx","xlsx","False","342388","2023-01-13 10:07:18","受入テスト","False","","C:\Users\takatoshi-saito\OneDrive\00personal\01_IT\統合\受入テスト\フェーズ2_5受入テスト\★インシデント管理\230113-杏林堂受入テストチェック項目.xlsx"
"01_IT/統合/受入テスト/フェーズ2_5受入テスト/★インシデント管理/インシデント管理簿.xlsx","インシデント管理簿.xlsx","xlsx","False","20696","2023-01-13 10:07:19","受入テスト","False","","C:\Users\takatoshi-saito\OneDrive\00personal\01_IT\統合\受入テスト\フェーズ2_5受入テスト\★インシデント管理\インシデント管理簿.xlsx"
"01_IT/統合/受入テスト/フェーズ2_5受入テスト/20230111-2倍デー設定.xlsx","20230111-2倍デー設定.xlsx","xlsx","True","57944","2023-01-17 08:44:23","受入テスト","False","","C:\Users\takatoshi-saito\OneDrive\00personal\01_IT\統合\受入テスト\フェーズ2_5受入テスト\20230111-2倍デー設定.xlsx"
"01_IT/統合/受入テスト/フェーズ2_5受入テスト/20230123Redmine課題一覧.xlsx","20230123Redmine課題一覧.xlsx","xlsx","False","1460953","2023-01-23 14:21:02","受入テスト","False","","C:\Users\takatoshi-saito\OneDrive\00personal\01_IT\統合\受入テスト\フェーズ2_5受入テスト\20230123Redmine課題一覧.xlsx"
"01_IT/統合/受入テスト/フェーズ2_5受入テスト/230106議事録・確認リスト（POS・クラウド）.xlsx","230106議事録・確認リスト（POS・クラウド）.xlsx","xlsx","False","36543","2023-01-08 14:59:17","受入テスト","False","","C:\Users\takatoshi-saito\OneDrive\00personal\01_IT\統合\受入テスト\フェーズ2_5受入テスト\230106議事録・確認リスト（POS・クラウド）.xlsx"
"01_IT/統合/受入テスト/フェーズ2_5受入テスト/POS確認事項/【新POS】【提出用】研修基幹店レジ動作確認エラーリスト_20221229更新_v1 (1).xlsx","【新POS】【提出用】研修基幹店レジ動作確認エラーリスト_20221229更新_v1 (1).xlsx","xlsx","True","37202","2023-01-05 18:15:14","受入テスト","False","","C:\Users\takatoshi-saito\OneDrive\00personal\01_IT\統合\受入テスト\フェーズ2_5受入テスト\POS確認事項\【新POS】【提出用】研修基幹店レジ動作確認エラーリスト_20221229更新_v1 (1).xlsx"
"01_IT/統合/受入テスト/フェーズ2_5受入テスト/POS確認事項/【新POS】【提出用】研修基幹店レジ動作確認エラーリスト_20230112更新.xlsx","【新POS】【提出用】研修基幹店レジ動作確認エラーリスト_20230112更新.xlsx","xlsx","True","346939","2023-01-13 14:57:52","受入テスト","False","","C:\Users\takatoshi-saito\OneDrive\00personal\01_IT\統合\受入テスト\フェーズ2_5受入テスト\POS確認事項\【新POS】【提出用】研修基幹店レジ動作確認エラーリスト_20230112更新.xlsx"
"01_IT/統合/受入テスト/フェーズ2_5受入テスト/POS確認事項/【新POS】ポイント関連動作確認リスト.xlsx","【新POS】ポイント関連動作確認リスト.xlsx","xlsx","True","382221","2023-01-05 19:58:02","受入テスト","False","","C:\Users\takatoshi-saito\OneDrive\00personal\01_IT\統合\受入テスト\フェーズ2_5受入テスト\POS確認事項\【新POS】ポイント関連動作確認リスト.xlsx"
"01_IT/統合/受入テスト/フェーズ2_5受入テスト/POS確認事項/【新POS】レジ操作クイックリファレンス（20221228）.pdf","【新POS】レジ操作クイックリファレンス（20221228）.pdf","pdf","True","1182362","2022-12-29 15:49:55","受入テスト","False","","C:\Users\takatoshi-saito\OneDrive\00personal\01_IT\統合\受入テスト\フェーズ2_5受入テスト\POS確認事項\【新POS】レジ操作クイックリファレンス（20221228）.pdf"
"01_IT/統合/受入テスト/フェーズ2_5受入テスト/POS確認事項/20230111_新レジ100分類テストデータ.pdf","20230111_新レジ100分類テストデータ.pdf","pdf","True","566938","2023-01-13 11:39:08","受入テスト","False","","C:\Users\takatoshi-saito\OneDrive\00personal\01_IT\統合\受入テスト\フェーズ2_5受入テスト\POS確認事項\20230111_新レジ100分類テストデータ.pdf"
"01_IT/統合/受入テスト/フェーズ2_5受入テスト/POS確認事項/20230111-受入テスト用JANなし（池田）.xlsx","20230111-受入テスト用JANなし（池田）.xlsx","xlsx","True","54775","2023-01-13 11:39:06","受入テスト","False","","C:\Users\takatoshi-saito\OneDrive\00personal\01_IT\統合\受入テスト\フェーズ2_5受入テスト\POS確認事項\20230111-受入テスト用JANなし（池田）.xlsx"
"01_IT/統合/受入テスト/フェーズ2_5受入テスト/POS確認事項/230113-テスト仕様書（POSポイント）.xlsx","230113-テスト仕様書（POSポイント）.xlsx","xlsx","True","445352","2023-01-13 11:39:10","受入テスト","False","","C:\Users\takatoshi-saito\OneDrive\00personal\01_IT\統合\受入テスト\フェーズ2_5受入テスト\POS確認事項\230113-テスト仕様書（POSポイント）.xlsx"
"01_IT/統合/受入テスト/フェーズ2_5受入テスト/スケジュール・議事録（POS・販促）.xlsx","スケジュール・議事録（POS・販促）.xlsx","xlsx","False","36407","2023-01-08 15:01:33","受入テスト","False","","C:\Users\takatoshi-saito\OneDrive\00personal\01_IT\統合\受入テスト\フェーズ2_5受入テスト\スケジュール・議事録（POS・販促）.xlsx"
"01_IT/統合/受入テスト/フェーズ2_5受入テスト/スケジュール（POS・販促）.xlsx","スケジュール（POS・販促）.xlsx","xlsx","True","23671","2023-01-05 20:09:36","受入テスト","False","","C:\Users\takatoshi-saito\OneDrive\00personal\01_IT\統合\受入テスト\フェーズ2_5受入テスト\スケジュール（POS・販促）.xlsx"
"01_IT/統合/受入テスト/フェーズ2_5受入テスト/ポイント-クーポン登録確認/00-106.基幹系システム_フィットギャップ杏林堂ポイント.xlsx","00-106.基幹系システム_フィットギャップ杏林堂ポイント.xlsx","xlsx","False","2519776","2023-01-05 19:46:39","受入テスト","False","","C:\Users\takatoshi-saito\OneDrive\00personal\01_IT\統合\受入テスト\フェーズ2_5受入テスト\ポイント-クーポン登録確認\00-106.基幹系システム_フィットギャップ杏林堂ポイント.xlsx"
"01_IT/統合/受入テスト/フェーズ2_5受入テスト/ポイント-クーポン登録確認/101.QRクーポン作成システム_杏林堂クーポン.xlsx","101.QRクーポン作成システム_杏林堂クーポン.xlsx","xlsx","False","1048936","2023-01-05 19:46:36","受入テスト","False","","C:\Users\takatoshi-saito\OneDrive\00personal\01_IT\統合\受入テスト\フェーズ2_5受入テスト\ポイント-クーポン登録確認\101.QRクーポン作成システム_杏林堂クーポン.xlsx"
"01_IT/統合/受入テスト/フェーズ2_5受入テスト/杏林堂基幹統合受入テスト連絡先一覧.pptx","杏林堂基幹統合受入テスト連絡先一覧.pptx","pptx","False","114732","2023-01-16 11:13:38","受入テスト","False","","C:\Users\takatoshi-saito\OneDrive\00personal\01_IT\統合\受入テスト\フェーズ2_5受入テスト\杏林堂基幹統合受入テスト連絡先一覧.pptx"
"01_IT/統合/受入テスト/フェーズ2_5受入テスト/杏林堂様システム統合受入テスト朝会議事メモ_20230317.txt","杏林堂様システム統合受入テスト朝会議事メモ_20230317.txt","txt","False","2666","2023-03-17 19:00:11","受入テスト","False","","C:\Users\takatoshi-saito\OneDrive\00personal\01_IT\統合\受入テスト\フェーズ2_5受入テスト\杏林堂様システム統合受入テスト朝会議事メモ_20230317.txt"
"01_IT/統合/受入テスト/フェーズ2_5受入テスト/杏林堂様システム統合受入テスト朝会議事メモ_20230320.txt","杏林堂様システム統合受入テスト朝会議事メモ_20230320.txt","txt","False","2830","2023-03-20 10:56:30","受入テスト","False","","C:\Users\takatoshi-saito\OneDrive\00personal\01_IT\統合\受入テスト\フェーズ2_5受入テスト\杏林堂様システム統合受入テスト朝会議事メモ_20230320.txt"
"01_IT/統合/受入テスト/フェーズ2_5受入テスト/議事メモ送付（RE POSに関する情報共有.txt","議事メモ送付（RE POSに関する情報共有.txt","txt","False","3715","2023-01-08 15:41:05","受入テスト","False","","C:\Users\takatoshi-saito\OneDrive\00personal\01_IT\統合\受入テスト\フェーズ2_5受入テスト\議事メモ送付（RE POSに関する情報共有.txt"
"01_IT/統合/受入テスト/フェーズ2_5受入テスト/特売/★データ内容.txt","★データ内容.txt","txt","True","476","2023-01-23 08:06:48","受入テスト","False","","C:\Users\takatoshi-saito\OneDrive\00personal\01_IT\統合\受入テスト\フェーズ2_5受入テスト\特売\★データ内容.txt"
"01_IT/統合/受入テスト/フェーズ2_5受入テスト/特売/220926-テスト全店（調剤専門、NＳ、EC含む）.xlsx","220926-テスト全店（調剤専門、NＳ、EC含む）.xlsx","xlsx","True","13180","2023-01-23 08:05:29","受入テスト","False","","C:\Users\takatoshi-saito\OneDrive\00personal\01_IT\統合\受入テスト\フェーズ2_5受入テスト\特売\220926-テスト全店（調剤専門、NＳ、EC含む）.xlsx"
"01_IT/統合/受入テスト/フェーズ2_5受入テスト/特売/DMポイント（月間）※赤はタバコ、黄色は変更箇所.xlsx","DMポイント（月間）※赤はタバコ、黄色は変更箇所.xlsx","xlsx","True","9638","2023-01-23 08:05:24","受入テスト","False","","C:\Users\takatoshi-saito\OneDrive\00personal\01_IT\統合\受入テスト\フェーズ2_5受入テスト\特売\DMポイント（月間）※赤はタバコ、黄色は変更箇所.xlsx"
"01_IT/統合/受入テスト/フェーズ2_5受入テスト/特売/MM（月間）※赤はタバコ.xlsx","MM（月間）※赤はタバコ.xlsx","xlsx","True","10743","2023-01-23 08:05:25","受入テスト","False","","C:\Users\takatoshi-saito\OneDrive\00personal\01_IT\統合\受入テスト\フェーズ2_5受入テスト\特売\MM（月間）※赤はタバコ.xlsx"
"01_IT/統合/受入テスト/フェーズ2_5受入テスト/特売/ポイント倍率（月間）※赤はタバコ、緑はノンピ、黄色は変更箇所.xlsx","ポイント倍率（月間）※赤はタバコ、緑はノンピ、黄色は変更箇所.xlsx","xlsx","True","9985","2023-01-23 08:05:27","受入テスト","False","","C:\Users\takatoshi-saito\OneDrive\00personal\01_IT\統合\受入テスト\フェーズ2_5受入テスト\特売\ポイント倍率（月間）※赤はタバコ、緑はノンピ、黄色は変更箇所.xlsx"
"01_IT/統合/切り花設定/売上通知メール_本番用アップロード画面.xlsx","売上通知メール_本番用アップロード画面.xlsx","xlsx","True","58139","2023-05-02 10:16:12","切り花設定","False","","C:\Users\takatoshi-saito\OneDrive\00personal\01_IT\統合\切り花設定\売上通知メール_本番用アップロード画面.xlsx"
"01_IT/統合/切り花設定/売上通知メールの仕様20230331追記.xlsx","売上通知メールの仕様20230331追記.xlsx","xlsx","False","208298","2023-05-30 17:32:09","切り花設定","False","","C:\Users\takatoshi-saito\OneDrive\00personal\01_IT\統合\切り花設定\売上通知メールの仕様20230331追記.xlsx"
"01_IT/統合/全体_ジョブ＆データ連携スケジュール.xlsx","全体_ジョブ＆データ連携スケジュール.xlsx","xlsx","False","117231","2023-08-02 08:54:42","全体_ジョブ＆データ連携スケジュール.xlsx","False","","C:\Users\takatoshi-saito\OneDrive\00personal\01_IT\統合\全体_ジョブ＆データ連携スケジュール.xlsx"
"01_IT/統合/体制図220826.pptx","体制図220826.pptx","pptx","False","514956","2022-08-31 12:58:05","体制図220826.pptx","False","","C:\Users\takatoshi-saito\OneDrive\00personal\01_IT\統合\体制図220826.pptx"
"01_IT/統合/調剤/20220810進捗/【PJ定例】ツルハ様次期調剤システム導入PJ.202200809.pdf","【PJ定例】ツルハ様次期調剤システム導入PJ.202200809.pdf","pdf","False","1330808","2022-08-10 10:31:42","調剤","False","","C:\Users\takatoshi-saito\OneDrive\00personal\01_IT\統合\調剤\20220810進捗\【PJ定例】ツルハ様次期調剤システム導入PJ.202200809.pdf"
"01_IT/統合/調剤/20220810進捗/【ツルハHD様】店舗別ケースレポート_20220809.xlsx","【ツルハHD様】店舗別ケースレポート_20220809.xlsx","xlsx","False","46332","2022-08-10 10:31:42","調剤","False","","C:\Users\takatoshi-saito\OneDrive\00personal\01_IT\統合\調剤\20220810進捗\【ツルハHD様】店舗別ケースレポート_20220809.xlsx"
"01_IT/統合/調剤/20220810進捗/220809_3社合同定例会議.pdf","220809_3社合同定例会議.pdf","pdf","False","1416131","2022-08-10 10:31:42","調剤","False","","C:\Users\takatoshi-saito\OneDrive\00personal\01_IT\統合\調剤\20220810進捗\220809_3社合同定例会議.pdf"
"01_IT/統合/調剤/20220810進捗/220809_改版_ツルハグループ様_レセプト請求（臨時ログイン手順）.pdf","220809_改版_ツルハグループ様_レセプト請求（臨時ログイン手順）.pdf","pdf","True","1024124","2022-08-10 10:31:42","調剤","False","","C:\Users\takatoshi-saito\OneDrive\00personal\01_IT\統合\調剤\20220810進捗\220809_改版_ツルハグループ様_レセプト請求（臨時ログイン手順）.pdf"
"01_IT/統合/調剤/20220810進捗/THD様　経緯報告：CSVに改行コードが不正に混入している件.pdf","THD様　経緯報告：CSVに改行コードが不正に混入している件.pdf","pdf","False","155284","2022-08-10 10:31:42","調剤","False","","C:\Users\takatoshi-saito\OneDrive\00personal\01_IT\統合\調剤\20220810進捗\THD様　経緯報告：CSVに改行コードが不正に混入している件.pdf"
"01_IT/統合/調剤/20220810進捗/THD様　経緯報告：NSIPSデータのインポートエラーについて.pdf","THD様　経緯報告：NSIPSデータのインポートエラーについて.pdf","pdf","False","158639","2022-08-10 10:31:42","調剤","False","","C:\Users\takatoshi-saito\OneDrive\00personal\01_IT\統合\調剤\20220810進捗\THD様　経緯報告：NSIPSデータのインポートエラーについて.pdf"
"01_IT/統合/店舗マスタ/今後の採番ルールについて（追加）.xlsx","今後の採番ルールについて（追加）.xlsx","xlsx","False","2297039","2023-02-27 15:01:45","店舗マスタ","False","","C:\Users\takatoshi-saito\OneDrive\00personal\01_IT\統合\店舗マスタ\今後の採番ルールについて（追加）.xlsx"
"01_IT/統合/添付1．0930-基幹変更-杏林堂スケジュール・進捗確認.xlsx","添付1．0930-基幹変更-杏林堂スケジュール・進捗確認.xlsx","xlsx","False","236753","2022-10-03 15:20:59","添付1．0930-基幹変更-杏林堂スケジュール・進捗確認.xlsx","False","","C:\Users\takatoshi-saito\OneDrive\00personal\01_IT\統合\添付1．0930-基幹変更-杏林堂スケジュール・進捗確認.xlsx"
"01_IT/統合/添付2．小笠原0929-第2次_3次合流スケジュール20221003齋藤.xlsx","添付2．小笠原0929-第2次_3次合流スケジュール20221003齋藤.xlsx","xlsx","False","1462503","2022-10-03 17:12:02","添付2．小笠原0929-第2次_3次合流スケジュール20221003齋藤.xlsx","False","","C:\Users\takatoshi-saito\OneDrive\00personal\01_IT\統合\添付2．小笠原0929-第2次_3次合流スケジュール20221003齋藤.xlsx"
"01_IT/統合/電子帳簿保存法/電子帳簿231120.pdf","電子帳簿231120.pdf","pdf","False","1978764","2023-11-20 14:19:10","電子帳簿保存法","False","","C:\Users\takatoshi-saito\OneDrive\00personal\01_IT\統合\電子帳簿保存法\電子帳簿231120.pdf"
"01_IT/統合/電子帳簿保存法/電子帳簿説明会用資料_Draft.pdf","電子帳簿説明会用資料_Draft.pdf","pdf","False","1610584","2023-11-20 14:19:10","電子帳簿保存法","False","","C:\Users\takatoshi-saito\OneDrive\00personal\01_IT\統合\電子帳簿保存法\電子帳簿説明会用資料_Draft.pdf"
"01_IT/統合/分類/20230331_単品新分類表.xlsx","20230331_単品新分類表.xlsx","xlsx","False","37630594","2023-03-31 10:20:37","分類","False","","C:\Users\takatoshi-saito\OneDrive\00personal\01_IT\統合\分類\20230331_単品新分類表.xlsx"
"01_IT/統合/分類/刷新プロジェクト説明資料_20220929.pptx","刷新プロジェクト説明資料_20220929.pptx","pptx","False","3055637","2022-09-29 18:29:21","分類","False","","C:\Users\takatoshi-saito\OneDrive\00personal\01_IT\統合\分類\刷新プロジェクト説明資料_20220929.pptx"
"01_IT/統合/分類/分類マッピング (2).xlsx","分類マッピング (2).xlsx","xlsx","False","2432870","2022-09-29 11:12:13","分類","False","","C:\Users\takatoshi-saito\OneDrive\00personal\01_IT\統合\分類\分類マッピング (2).xlsx"
"01_IT/統合/分類/分類変換用（杏林堂⇒ＨＢＡ）20210217.xlsx","分類変換用（杏林堂⇒ＨＢＡ）20210217.xlsx","xlsx","False","96944","2022-09-29 19:46:04","分類","False","","C:\Users\takatoshi-saito\OneDrive\00personal\01_IT\統合\分類\分類変換用（杏林堂⇒ＨＢＡ）20210217.xlsx"
"01_IT/統合/労務/事業会社説明資料202310.pdf","事業会社説明資料202310.pdf","pdf","False","800096","2023-12-04 13:28:34","労務","False","","C:\Users\takatoshi-saito\OneDrive\00personal\01_IT\統合\労務\事業会社説明資料202310.pdf"
